run_uuid,key,value
b6f36cae3df14c4fa7e0e05b38d79696,architecture,convnext_tiny
b6f36cae3df14c4fa7e0e05b38d79696,learning_rate,0.0001
b6f36cae3df14c4fa7e0e05b38d79696,batch_size,16
b6f36cae3df14c4fa7e0e05b38d79696,num_epochs,100
b6f36cae3df14c4fa7e0e05b38d79696,num_classes,10
b6f36cae3df14c4fa7e0e05b38d79696,preprocessing,full
b6f36cae3df14c4fa7e0e05b38d79696,training_mode,species_only
b6f36cae3df14c4fa7e0e05b38d79696,seed,42
b6f36cae3df14c4fa7e0e05b38d79696,lambda_sex,0.3
b6f36cae3df14c4fa7e0e05b38d79696,lambda_form,0.2
b6f36cae3df14c4fa7e0e05b38d79696,num_params_M,27.83
b6f36cae3df14c4fa7e0e05b38d79696,inference_ms,8.87
154622e4fa0f4a57bceaf48dc0470342,architecture,convnext_tiny
154622e4fa0f4a57bceaf48dc0470342,learning_rate,0.0001
154622e4fa0f4a57bceaf48dc0470342,batch_size,16
154622e4fa0f4a57bceaf48dc0470342,num_epochs,100
154622e4fa0f4a57bceaf48dc0470342,num_classes,10
154622e4fa0f4a57bceaf48dc0470342,preprocessing,full
154622e4fa0f4a57bceaf48dc0470342,training_mode,species_only
154622e4fa0f4a57bceaf48dc0470342,seed,123
154622e4fa0f4a57bceaf48dc0470342,lambda_sex,0.3
154622e4fa0f4a57bceaf48dc0470342,lambda_form,0.2
154622e4fa0f4a57bceaf48dc0470342,num_params_M,27.83
154622e4fa0f4a57bceaf48dc0470342,inference_ms,8.29
b7955eb208a54a2cbae9d39fb79d7949,architecture,convnext_tiny
b7955eb208a54a2cbae9d39fb79d7949,learning_rate,0.0001
b7955eb208a54a2cbae9d39fb79d7949,batch_size,16
b7955eb208a54a2cbae9d39fb79d7949,num_epochs,100
b7955eb208a54a2cbae9d39fb79d7949,num_classes,10
b7955eb208a54a2cbae9d39fb79d7949,preprocessing,full
b7955eb208a54a2cbae9d39fb79d7949,training_mode,species_only
b7955eb208a54a2cbae9d39fb79d7949,seed,456
b7955eb208a54a2cbae9d39fb79d7949,lambda_sex,0.3
b7955eb208a54a2cbae9d39fb79d7949,lambda_form,0.2
b7955eb208a54a2cbae9d39fb79d7949,num_params_M,27.83
b7955eb208a54a2cbae9d39fb79d7949,inference_ms,8.15
21a91bf91e7e428d8ee92f9e7cc76c89,architecture,convnext_tiny
21a91bf91e7e428d8ee92f9e7cc76c89,learning_rate,0.0001
21a91bf91e7e428d8ee92f9e7cc76c89,batch_size,16
21a91bf91e7e428d8ee92f9e7cc76c89,num_epochs,100
21a91bf91e7e428d8ee92f9e7cc76c89,num_classes,10
21a91bf91e7e428d8ee92f9e7cc76c89,preprocessing,full
21a91bf91e7e428d8ee92f9e7cc76c89,training_mode,multi_task
21a91bf91e7e428d8ee92f9e7cc76c89,seed,42
21a91bf91e7e428d8ee92f9e7cc76c89,lambda_sex,0.3
21a91bf91e7e428d8ee92f9e7cc76c89,lambda_form,0.2
21a91bf91e7e428d8ee92f9e7cc76c89,num_params_M,27.83
21a91bf91e7e428d8ee92f9e7cc76c89,inference_ms,9.98
29acf9f8ddb2498393bb0759421b0e4b,architecture,convnext_tiny
29acf9f8ddb2498393bb0759421b0e4b,learning_rate,0.0001
29acf9f8ddb2498393bb0759421b0e4b,batch_size,16
29acf9f8ddb2498393bb0759421b0e4b,num_epochs,100
29acf9f8ddb2498393bb0759421b0e4b,num_classes,10
29acf9f8ddb2498393bb0759421b0e4b,preprocessing,full
29acf9f8ddb2498393bb0759421b0e4b,training_mode,multi_task
29acf9f8ddb2498393bb0759421b0e4b,seed,123
29acf9f8ddb2498393bb0759421b0e4b,lambda_sex,0.3
29acf9f8ddb2498393bb0759421b0e4b,lambda_form,0.2
29acf9f8ddb2498393bb0759421b0e4b,num_params_M,27.83
29acf9f8ddb2498393bb0759421b0e4b,inference_ms,8.34
80eafe8a3cfe4132a5902a0bea0e304d,architecture,convnext_tiny
80eafe8a3cfe4132a5902a0bea0e304d,learning_rate,0.0001
80eafe8a3cfe4132a5902a0bea0e304d,batch_size,16
80eafe8a3cfe4132a5902a0bea0e304d,num_epochs,100
80eafe8a3cfe4132a5902a0bea0e304d,num_classes,10
80eafe8a3cfe4132a5902a0bea0e304d,preprocessing,full
80eafe8a3cfe4132a5902a0bea0e304d,training_mode,multi_task
80eafe8a3cfe4132a5902a0bea0e304d,seed,456
80eafe8a3cfe4132a5902a0bea0e304d,lambda_sex,0.3
80eafe8a3cfe4132a5902a0bea0e304d,lambda_form,0.2
80eafe8a3cfe4132a5902a0bea0e304d,num_params_M,27.83
80eafe8a3cfe4132a5902a0bea0e304d,inference_ms,8.88
7d80402f05af41c589fb91174dfbbedd,architecture,convnext_tiny
7d80402f05af41c589fb91174dfbbedd,learning_rate,0.0001
7d80402f05af41c589fb91174dfbbedd,batch_size,16
7d80402f05af41c589fb91174dfbbedd,num_epochs,100
7d80402f05af41c589fb91174dfbbedd,num_classes,10
7d80402f05af41c589fb91174dfbbedd,preprocessing,bbox
7d80402f05af41c589fb91174dfbbedd,training_mode,species_only
7d80402f05af41c589fb91174dfbbedd,seed,42
7d80402f05af41c589fb91174dfbbedd,lambda_sex,0.3
7d80402f05af41c589fb91174dfbbedd,lambda_form,0.2
7d80402f05af41c589fb91174dfbbedd,num_params_M,27.83
7d80402f05af41c589fb91174dfbbedd,inference_ms,8.37
2edf66c430e04b0a84a1f3753a62dc91,architecture,convnext_tiny
2edf66c430e04b0a84a1f3753a62dc91,learning_rate,0.0001
2edf66c430e04b0a84a1f3753a62dc91,batch_size,16
2edf66c430e04b0a84a1f3753a62dc91,num_epochs,100
2edf66c430e04b0a84a1f3753a62dc91,num_classes,10
2edf66c430e04b0a84a1f3753a62dc91,preprocessing,bbox
2edf66c430e04b0a84a1f3753a62dc91,training_mode,species_only
2edf66c430e04b0a84a1f3753a62dc91,seed,123
2edf66c430e04b0a84a1f3753a62dc91,lambda_sex,0.3
2edf66c430e04b0a84a1f3753a62dc91,lambda_form,0.2
2edf66c430e04b0a84a1f3753a62dc91,num_params_M,27.83
2edf66c430e04b0a84a1f3753a62dc91,inference_ms,8.21
9262da49e22f4c9ab539131317b8d42b,architecture,convnext_tiny
9262da49e22f4c9ab539131317b8d42b,learning_rate,0.0001
9262da49e22f4c9ab539131317b8d42b,batch_size,16
9262da49e22f4c9ab539131317b8d42b,num_epochs,100
9262da49e22f4c9ab539131317b8d42b,num_classes,10
9262da49e22f4c9ab539131317b8d42b,preprocessing,bbox
9262da49e22f4c9ab539131317b8d42b,training_mode,species_only
9262da49e22f4c9ab539131317b8d42b,seed,456
9262da49e22f4c9ab539131317b8d42b,lambda_sex,0.3
9262da49e22f4c9ab539131317b8d42b,lambda_form,0.2
9262da49e22f4c9ab539131317b8d42b,num_params_M,27.83
9262da49e22f4c9ab539131317b8d42b,inference_ms,9.23
9d3fd76f37384aa08ba43c42191ebb6f,architecture,convnext_tiny
9d3fd76f37384aa08ba43c42191ebb6f,learning_rate,0.0001
9d3fd76f37384aa08ba43c42191ebb6f,batch_size,16
9d3fd76f37384aa08ba43c42191ebb6f,num_epochs,100
9d3fd76f37384aa08ba43c42191ebb6f,num_classes,10
9d3fd76f37384aa08ba43c42191ebb6f,preprocessing,bbox
9d3fd76f37384aa08ba43c42191ebb6f,training_mode,multi_task
9d3fd76f37384aa08ba43c42191ebb6f,seed,42
9d3fd76f37384aa08ba43c42191ebb6f,lambda_sex,0.3
9d3fd76f37384aa08ba43c42191ebb6f,lambda_form,0.2
9d3fd76f37384aa08ba43c42191ebb6f,num_params_M,27.83
9d3fd76f37384aa08ba43c42191ebb6f,inference_ms,8.27
9e59fb358b0f4df881e226c2bcc53146,architecture,convnext_tiny
9e59fb358b0f4df881e226c2bcc53146,learning_rate,0.0001
9e59fb358b0f4df881e226c2bcc53146,batch_size,16
9e59fb358b0f4df881e226c2bcc53146,num_epochs,100
9e59fb358b0f4df881e226c2bcc53146,num_classes,10
9e59fb358b0f4df881e226c2bcc53146,preprocessing,bbox
9e59fb358b0f4df881e226c2bcc53146,training_mode,multi_task
9e59fb358b0f4df881e226c2bcc53146,seed,123
9e59fb358b0f4df881e226c2bcc53146,lambda_sex,0.3
9e59fb358b0f4df881e226c2bcc53146,lambda_form,0.2
9e59fb358b0f4df881e226c2bcc53146,num_params_M,27.83
9e59fb358b0f4df881e226c2bcc53146,inference_ms,8.56
8ff2332130cb4008910d997416f557a6,architecture,convnext_tiny
8ff2332130cb4008910d997416f557a6,learning_rate,0.0001
8ff2332130cb4008910d997416f557a6,batch_size,16
8ff2332130cb4008910d997416f557a6,num_epochs,100
8ff2332130cb4008910d997416f557a6,num_classes,10
8ff2332130cb4008910d997416f557a6,preprocessing,bbox
8ff2332130cb4008910d997416f557a6,training_mode,multi_task
8ff2332130cb4008910d997416f557a6,seed,456
8ff2332130cb4008910d997416f557a6,lambda_sex,0.3
8ff2332130cb4008910d997416f557a6,lambda_form,0.2
8ff2332130cb4008910d997416f557a6,num_params_M,27.83
8ff2332130cb4008910d997416f557a6,inference_ms,8.32
4395bd5fd8dc471eb22134cb92ab1f8c,architecture,convnext_tiny
4395bd5fd8dc471eb22134cb92ab1f8c,learning_rate,0.0001
4395bd5fd8dc471eb22134cb92ab1f8c,batch_size,16
4395bd5fd8dc471eb22134cb92ab1f8c,num_epochs,100
4395bd5fd8dc471eb22134cb92ab1f8c,num_classes,10
4395bd5fd8dc471eb22134cb92ab1f8c,preprocessing,seg_hard
4395bd5fd8dc471eb22134cb92ab1f8c,training_mode,species_only
4395bd5fd8dc471eb22134cb92ab1f8c,seed,42
4395bd5fd8dc471eb22134cb92ab1f8c,lambda_sex,0.3
4395bd5fd8dc471eb22134cb92ab1f8c,lambda_form,0.2
4395bd5fd8dc471eb22134cb92ab1f8c,num_params_M,27.83
4395bd5fd8dc471eb22134cb92ab1f8c,inference_ms,10.27
c232842933904a6daeeb2430e0b76243,architecture,convnext_tiny
c232842933904a6daeeb2430e0b76243,learning_rate,0.0001
c232842933904a6daeeb2430e0b76243,batch_size,16
c232842933904a6daeeb2430e0b76243,num_epochs,100
c232842933904a6daeeb2430e0b76243,num_classes,10
c232842933904a6daeeb2430e0b76243,preprocessing,seg_hard
c232842933904a6daeeb2430e0b76243,training_mode,species_only
c232842933904a6daeeb2430e0b76243,seed,123
c232842933904a6daeeb2430e0b76243,lambda_sex,0.3
c232842933904a6daeeb2430e0b76243,lambda_form,0.2
c232842933904a6daeeb2430e0b76243,num_params_M,27.83
c232842933904a6daeeb2430e0b76243,inference_ms,8.76
61f8fedd11424b76a428b9fe50cef28f,architecture,convnext_tiny
61f8fedd11424b76a428b9fe50cef28f,learning_rate,0.0001
61f8fedd11424b76a428b9fe50cef28f,batch_size,16
61f8fedd11424b76a428b9fe50cef28f,num_epochs,100
61f8fedd11424b76a428b9fe50cef28f,num_classes,10
61f8fedd11424b76a428b9fe50cef28f,preprocessing,seg_hard
61f8fedd11424b76a428b9fe50cef28f,training_mode,species_only
61f8fedd11424b76a428b9fe50cef28f,seed,456
61f8fedd11424b76a428b9fe50cef28f,lambda_sex,0.3
61f8fedd11424b76a428b9fe50cef28f,lambda_form,0.2
61f8fedd11424b76a428b9fe50cef28f,num_params_M,27.83
61f8fedd11424b76a428b9fe50cef28f,inference_ms,20.06
6c4379239bce4315a0d6bc3f8cd7d71a,architecture,convnext_tiny
6c4379239bce4315a0d6bc3f8cd7d71a,learning_rate,0.0001
6c4379239bce4315a0d6bc3f8cd7d71a,batch_size,16
6c4379239bce4315a0d6bc3f8cd7d71a,num_epochs,100
6c4379239bce4315a0d6bc3f8cd7d71a,num_classes,10
6c4379239bce4315a0d6bc3f8cd7d71a,preprocessing,seg_hard
6c4379239bce4315a0d6bc3f8cd7d71a,training_mode,multi_task
6c4379239bce4315a0d6bc3f8cd7d71a,seed,42
6c4379239bce4315a0d6bc3f8cd7d71a,lambda_sex,0.3
6c4379239bce4315a0d6bc3f8cd7d71a,lambda_form,0.2
6c4379239bce4315a0d6bc3f8cd7d71a,num_params_M,27.83
6c4379239bce4315a0d6bc3f8cd7d71a,inference_ms,8.96
c0a9206e9b6c4cf99341268944be414d,architecture,convnext_tiny
c0a9206e9b6c4cf99341268944be414d,learning_rate,0.0001
c0a9206e9b6c4cf99341268944be414d,batch_size,16
c0a9206e9b6c4cf99341268944be414d,num_epochs,100
c0a9206e9b6c4cf99341268944be414d,num_classes,10
c0a9206e9b6c4cf99341268944be414d,preprocessing,seg_hard
c0a9206e9b6c4cf99341268944be414d,training_mode,multi_task
c0a9206e9b6c4cf99341268944be414d,seed,123
c0a9206e9b6c4cf99341268944be414d,lambda_sex,0.3
c0a9206e9b6c4cf99341268944be414d,lambda_form,0.2
c0a9206e9b6c4cf99341268944be414d,num_params_M,27.83
c0a9206e9b6c4cf99341268944be414d,inference_ms,56.5
c1827400d7474804a2b019f6ca824690,architecture,convnext_tiny
c1827400d7474804a2b019f6ca824690,learning_rate,0.0001
c1827400d7474804a2b019f6ca824690,batch_size,16
c1827400d7474804a2b019f6ca824690,num_epochs,100
c1827400d7474804a2b019f6ca824690,num_classes,10
c1827400d7474804a2b019f6ca824690,preprocessing,seg_hard
c1827400d7474804a2b019f6ca824690,training_mode,multi_task
c1827400d7474804a2b019f6ca824690,seed,456
c1827400d7474804a2b019f6ca824690,lambda_sex,0.3
c1827400d7474804a2b019f6ca824690,lambda_form,0.2
c1827400d7474804a2b019f6ca824690,num_params_M,27.83
c1827400d7474804a2b019f6ca824690,inference_ms,9.27
af5146015c104c5c80d30b0535031c67,architecture,convnext_tiny
af5146015c104c5c80d30b0535031c67,learning_rate,0.0001
af5146015c104c5c80d30b0535031c67,batch_size,16
af5146015c104c5c80d30b0535031c67,num_epochs,100
af5146015c104c5c80d30b0535031c67,num_classes,10
af5146015c104c5c80d30b0535031c67,preprocessing,seg_soft
af5146015c104c5c80d30b0535031c67,training_mode,species_only
af5146015c104c5c80d30b0535031c67,seed,42
af5146015c104c5c80d30b0535031c67,lambda_sex,0.3
af5146015c104c5c80d30b0535031c67,lambda_form,0.2
af5146015c104c5c80d30b0535031c67,num_params_M,27.83
af5146015c104c5c80d30b0535031c67,inference_ms,10.6
2823cad2dc0541d5836d53949733128e,architecture,convnext_tiny
2823cad2dc0541d5836d53949733128e,learning_rate,0.0001
2823cad2dc0541d5836d53949733128e,batch_size,16
2823cad2dc0541d5836d53949733128e,num_epochs,100
2823cad2dc0541d5836d53949733128e,num_classes,10
2823cad2dc0541d5836d53949733128e,preprocessing,seg_soft
2823cad2dc0541d5836d53949733128e,training_mode,species_only
2823cad2dc0541d5836d53949733128e,seed,123
2823cad2dc0541d5836d53949733128e,lambda_sex,0.3
2823cad2dc0541d5836d53949733128e,lambda_form,0.2
2823cad2dc0541d5836d53949733128e,num_params_M,27.83
2823cad2dc0541d5836d53949733128e,inference_ms,8.41
6340affa6726474ca6a3939b521c8920,architecture,convnext_tiny
6340affa6726474ca6a3939b521c8920,learning_rate,0.0001
6340affa6726474ca6a3939b521c8920,batch_size,16
6340affa6726474ca6a3939b521c8920,num_epochs,100
6340affa6726474ca6a3939b521c8920,num_classes,10
6340affa6726474ca6a3939b521c8920,preprocessing,seg_soft
6340affa6726474ca6a3939b521c8920,training_mode,species_only
6340affa6726474ca6a3939b521c8920,seed,456
6340affa6726474ca6a3939b521c8920,lambda_sex,0.3
6340affa6726474ca6a3939b521c8920,lambda_form,0.2
6340affa6726474ca6a3939b521c8920,num_params_M,27.83
6340affa6726474ca6a3939b521c8920,inference_ms,8.27
a82aa1eb192c4f898a48cf0564433d16,architecture,convnext_tiny
a82aa1eb192c4f898a48cf0564433d16,learning_rate,0.0001
a82aa1eb192c4f898a48cf0564433d16,batch_size,16
a82aa1eb192c4f898a48cf0564433d16,num_epochs,100
a82aa1eb192c4f898a48cf0564433d16,num_classes,10
a82aa1eb192c4f898a48cf0564433d16,preprocessing,seg_soft
a82aa1eb192c4f898a48cf0564433d16,training_mode,multi_task
a82aa1eb192c4f898a48cf0564433d16,seed,42
a82aa1eb192c4f898a48cf0564433d16,lambda_sex,0.3
a82aa1eb192c4f898a48cf0564433d16,lambda_form,0.2
a82aa1eb192c4f898a48cf0564433d16,num_params_M,27.83
a82aa1eb192c4f898a48cf0564433d16,inference_ms,9.05
0726778ef7d6447da0df139d57a1f33c,architecture,convnext_tiny
0726778ef7d6447da0df139d57a1f33c,learning_rate,0.0001
0726778ef7d6447da0df139d57a1f33c,batch_size,16
0726778ef7d6447da0df139d57a1f33c,num_epochs,100
0726778ef7d6447da0df139d57a1f33c,num_classes,10
0726778ef7d6447da0df139d57a1f33c,preprocessing,seg_soft
0726778ef7d6447da0df139d57a1f33c,training_mode,multi_task
0726778ef7d6447da0df139d57a1f33c,seed,123
0726778ef7d6447da0df139d57a1f33c,lambda_sex,0.3
0726778ef7d6447da0df139d57a1f33c,lambda_form,0.2
0726778ef7d6447da0df139d57a1f33c,num_params_M,27.83
0726778ef7d6447da0df139d57a1f33c,inference_ms,8.42
ab03e131c0da42cc83065c6cc6dff00f,architecture,convnext_tiny
ab03e131c0da42cc83065c6cc6dff00f,learning_rate,0.0001
ab03e131c0da42cc83065c6cc6dff00f,batch_size,16
ab03e131c0da42cc83065c6cc6dff00f,num_epochs,100
ab03e131c0da42cc83065c6cc6dff00f,num_classes,10
ab03e131c0da42cc83065c6cc6dff00f,preprocessing,seg_soft
ab03e131c0da42cc83065c6cc6dff00f,training_mode,multi_task
ab03e131c0da42cc83065c6cc6dff00f,seed,456
ab03e131c0da42cc83065c6cc6dff00f,lambda_sex,0.3
ab03e131c0da42cc83065c6cc6dff00f,lambda_form,0.2
ab03e131c0da42cc83065c6cc6dff00f,num_params_M,27.83
ab03e131c0da42cc83065c6cc6dff00f,inference_ms,9.99
4409bfa885444735acb66f9904871175,architecture,efficientnet_b3
4409bfa885444735acb66f9904871175,learning_rate,0.0001
4409bfa885444735acb66f9904871175,batch_size,16
4409bfa885444735acb66f9904871175,num_epochs,100
4409bfa885444735acb66f9904871175,num_classes,10
4409bfa885444735acb66f9904871175,preprocessing,full
4409bfa885444735acb66f9904871175,training_mode,species_only
4409bfa885444735acb66f9904871175,seed,42
4409bfa885444735acb66f9904871175,lambda_sex,0.3
4409bfa885444735acb66f9904871175,lambda_form,0.2
4409bfa885444735acb66f9904871175,num_params_M,10.71
4409bfa885444735acb66f9904871175,inference_ms,22.44
dbc868f5f54046f291d70df21b2cf705,architecture,efficientnet_b3
dbc868f5f54046f291d70df21b2cf705,learning_rate,0.0001
dbc868f5f54046f291d70df21b2cf705,batch_size,16
dbc868f5f54046f291d70df21b2cf705,num_epochs,100
dbc868f5f54046f291d70df21b2cf705,num_classes,10
dbc868f5f54046f291d70df21b2cf705,preprocessing,full
dbc868f5f54046f291d70df21b2cf705,training_mode,species_only
dbc868f5f54046f291d70df21b2cf705,seed,123
dbc868f5f54046f291d70df21b2cf705,lambda_sex,0.3
dbc868f5f54046f291d70df21b2cf705,lambda_form,0.2
dbc868f5f54046f291d70df21b2cf705,num_params_M,10.71
dbc868f5f54046f291d70df21b2cf705,inference_ms,21.53
bdcd56bc62c347d29e0fdad0ce8f324b,architecture,efficientnet_b3
bdcd56bc62c347d29e0fdad0ce8f324b,learning_rate,0.0001
bdcd56bc62c347d29e0fdad0ce8f324b,batch_size,16
bdcd56bc62c347d29e0fdad0ce8f324b,num_epochs,100
bdcd56bc62c347d29e0fdad0ce8f324b,num_classes,10
bdcd56bc62c347d29e0fdad0ce8f324b,preprocessing,full
bdcd56bc62c347d29e0fdad0ce8f324b,training_mode,species_only
bdcd56bc62c347d29e0fdad0ce8f324b,seed,456
bdcd56bc62c347d29e0fdad0ce8f324b,lambda_sex,0.3
bdcd56bc62c347d29e0fdad0ce8f324b,lambda_form,0.2
bdcd56bc62c347d29e0fdad0ce8f324b,num_params_M,10.71
bdcd56bc62c347d29e0fdad0ce8f324b,inference_ms,22.71
c0f3cc1d3fdf413596f0a586fa5d63de,architecture,efficientnet_b3
c0f3cc1d3fdf413596f0a586fa5d63de,learning_rate,0.0001
c0f3cc1d3fdf413596f0a586fa5d63de,batch_size,16
c0f3cc1d3fdf413596f0a586fa5d63de,num_epochs,100
c0f3cc1d3fdf413596f0a586fa5d63de,num_classes,10
c0f3cc1d3fdf413596f0a586fa5d63de,preprocessing,full
c0f3cc1d3fdf413596f0a586fa5d63de,training_mode,multi_task
c0f3cc1d3fdf413596f0a586fa5d63de,seed,42
c0f3cc1d3fdf413596f0a586fa5d63de,lambda_sex,0.3
c0f3cc1d3fdf413596f0a586fa5d63de,lambda_form,0.2
c0f3cc1d3fdf413596f0a586fa5d63de,num_params_M,10.72
c0f3cc1d3fdf413596f0a586fa5d63de,inference_ms,17.74
a08a35e268e847d7a5fc1e13c8d47061,architecture,efficientnet_b3
a08a35e268e847d7a5fc1e13c8d47061,learning_rate,0.0001
a08a35e268e847d7a5fc1e13c8d47061,batch_size,16
a08a35e268e847d7a5fc1e13c8d47061,num_epochs,100
a08a35e268e847d7a5fc1e13c8d47061,num_classes,10
a08a35e268e847d7a5fc1e13c8d47061,preprocessing,full
a08a35e268e847d7a5fc1e13c8d47061,training_mode,multi_task
a08a35e268e847d7a5fc1e13c8d47061,seed,123
a08a35e268e847d7a5fc1e13c8d47061,lambda_sex,0.3
a08a35e268e847d7a5fc1e13c8d47061,lambda_form,0.2
a08a35e268e847d7a5fc1e13c8d47061,num_params_M,10.72
a08a35e268e847d7a5fc1e13c8d47061,inference_ms,19.63
8d98e7a6a728439c8586448769e22f4e,architecture,efficientnet_b3
8d98e7a6a728439c8586448769e22f4e,learning_rate,0.0001
8d98e7a6a728439c8586448769e22f4e,batch_size,16
8d98e7a6a728439c8586448769e22f4e,num_epochs,100
8d98e7a6a728439c8586448769e22f4e,num_classes,10
8d98e7a6a728439c8586448769e22f4e,preprocessing,full
8d98e7a6a728439c8586448769e22f4e,training_mode,multi_task
8d98e7a6a728439c8586448769e22f4e,seed,456
8d98e7a6a728439c8586448769e22f4e,lambda_sex,0.3
8d98e7a6a728439c8586448769e22f4e,lambda_form,0.2
8d98e7a6a728439c8586448769e22f4e,num_params_M,10.72
8d98e7a6a728439c8586448769e22f4e,inference_ms,14.85
ff9d75280b8f4c14a1d3845ac7109b30,architecture,efficientnet_b3
ff9d75280b8f4c14a1d3845ac7109b30,learning_rate,0.0001
ff9d75280b8f4c14a1d3845ac7109b30,batch_size,16
ff9d75280b8f4c14a1d3845ac7109b30,num_epochs,100
ff9d75280b8f4c14a1d3845ac7109b30,num_classes,10
ff9d75280b8f4c14a1d3845ac7109b30,preprocessing,bbox
ff9d75280b8f4c14a1d3845ac7109b30,training_mode,species_only
ff9d75280b8f4c14a1d3845ac7109b30,seed,42
ff9d75280b8f4c14a1d3845ac7109b30,lambda_sex,0.3
ff9d75280b8f4c14a1d3845ac7109b30,lambda_form,0.2
ff9d75280b8f4c14a1d3845ac7109b30,num_params_M,10.71
ff9d75280b8f4c14a1d3845ac7109b30,inference_ms,19.26
01a93ef2cd6144d9aa7b2701da2400f5,architecture,efficientnet_b3
01a93ef2cd6144d9aa7b2701da2400f5,learning_rate,0.0001
01a93ef2cd6144d9aa7b2701da2400f5,batch_size,16
01a93ef2cd6144d9aa7b2701da2400f5,num_epochs,100
01a93ef2cd6144d9aa7b2701da2400f5,num_classes,10
01a93ef2cd6144d9aa7b2701da2400f5,preprocessing,bbox
01a93ef2cd6144d9aa7b2701da2400f5,training_mode,species_only
01a93ef2cd6144d9aa7b2701da2400f5,seed,123
01a93ef2cd6144d9aa7b2701da2400f5,lambda_sex,0.3
01a93ef2cd6144d9aa7b2701da2400f5,lambda_form,0.2
01a93ef2cd6144d9aa7b2701da2400f5,num_params_M,10.71
01a93ef2cd6144d9aa7b2701da2400f5,inference_ms,16.89
671e1476e6434ffea7f77ceb7fb6a660,architecture,efficientnet_b3
671e1476e6434ffea7f77ceb7fb6a660,learning_rate,0.0001
671e1476e6434ffea7f77ceb7fb6a660,batch_size,16
671e1476e6434ffea7f77ceb7fb6a660,num_epochs,100
671e1476e6434ffea7f77ceb7fb6a660,num_classes,10
671e1476e6434ffea7f77ceb7fb6a660,preprocessing,bbox
671e1476e6434ffea7f77ceb7fb6a660,training_mode,species_only
671e1476e6434ffea7f77ceb7fb6a660,seed,456
671e1476e6434ffea7f77ceb7fb6a660,lambda_sex,0.3
671e1476e6434ffea7f77ceb7fb6a660,lambda_form,0.2
671e1476e6434ffea7f77ceb7fb6a660,num_params_M,10.71
671e1476e6434ffea7f77ceb7fb6a660,inference_ms,21.57
dedec06756e34f8583b5681d5e9f7198,architecture,efficientnet_b3
dedec06756e34f8583b5681d5e9f7198,learning_rate,0.0001
dedec06756e34f8583b5681d5e9f7198,batch_size,16
dedec06756e34f8583b5681d5e9f7198,num_epochs,100
dedec06756e34f8583b5681d5e9f7198,num_classes,10
dedec06756e34f8583b5681d5e9f7198,preprocessing,bbox
dedec06756e34f8583b5681d5e9f7198,training_mode,multi_task
dedec06756e34f8583b5681d5e9f7198,seed,42
dedec06756e34f8583b5681d5e9f7198,lambda_sex,0.3
dedec06756e34f8583b5681d5e9f7198,lambda_form,0.2
dedec06756e34f8583b5681d5e9f7198,num_params_M,10.72
dedec06756e34f8583b5681d5e9f7198,inference_ms,23.4
8cf49be485b2417a9611df4e92e7cc2d,architecture,efficientnet_b3
8cf49be485b2417a9611df4e92e7cc2d,learning_rate,0.0001
8cf49be485b2417a9611df4e92e7cc2d,batch_size,16
8cf49be485b2417a9611df4e92e7cc2d,num_epochs,100
8cf49be485b2417a9611df4e92e7cc2d,num_classes,10
8cf49be485b2417a9611df4e92e7cc2d,preprocessing,bbox
8cf49be485b2417a9611df4e92e7cc2d,training_mode,multi_task
8cf49be485b2417a9611df4e92e7cc2d,seed,123
8cf49be485b2417a9611df4e92e7cc2d,lambda_sex,0.3
8cf49be485b2417a9611df4e92e7cc2d,lambda_form,0.2
8cf49be485b2417a9611df4e92e7cc2d,num_params_M,10.72
8cf49be485b2417a9611df4e92e7cc2d,inference_ms,13.45
55708424cefc49fea0a4e73a888e0140,architecture,efficientnet_b3
55708424cefc49fea0a4e73a888e0140,learning_rate,0.0001
55708424cefc49fea0a4e73a888e0140,batch_size,16
55708424cefc49fea0a4e73a888e0140,num_epochs,100
55708424cefc49fea0a4e73a888e0140,num_classes,10
55708424cefc49fea0a4e73a888e0140,preprocessing,bbox
55708424cefc49fea0a4e73a888e0140,training_mode,multi_task
55708424cefc49fea0a4e73a888e0140,seed,456
55708424cefc49fea0a4e73a888e0140,lambda_sex,0.3
55708424cefc49fea0a4e73a888e0140,lambda_form,0.2
55708424cefc49fea0a4e73a888e0140,num_params_M,10.72
55708424cefc49fea0a4e73a888e0140,inference_ms,21.05
76f9a14f56f54203850a659f713dba37,architecture,efficientnet_b3
76f9a14f56f54203850a659f713dba37,learning_rate,0.0001
76f9a14f56f54203850a659f713dba37,batch_size,16
76f9a14f56f54203850a659f713dba37,num_epochs,100
76f9a14f56f54203850a659f713dba37,num_classes,10
76f9a14f56f54203850a659f713dba37,preprocessing,seg_hard
76f9a14f56f54203850a659f713dba37,training_mode,species_only
76f9a14f56f54203850a659f713dba37,seed,42
76f9a14f56f54203850a659f713dba37,lambda_sex,0.3
76f9a14f56f54203850a659f713dba37,lambda_form,0.2
76f9a14f56f54203850a659f713dba37,num_params_M,10.71
76f9a14f56f54203850a659f713dba37,inference_ms,14.93
c68a6a2c5eaa44f5a8c89de3cb67669b,architecture,efficientnet_b3
c68a6a2c5eaa44f5a8c89de3cb67669b,learning_rate,0.0001
c68a6a2c5eaa44f5a8c89de3cb67669b,batch_size,16
c68a6a2c5eaa44f5a8c89de3cb67669b,num_epochs,100
c68a6a2c5eaa44f5a8c89de3cb67669b,num_classes,10
c68a6a2c5eaa44f5a8c89de3cb67669b,preprocessing,seg_hard
c68a6a2c5eaa44f5a8c89de3cb67669b,training_mode,species_only
c68a6a2c5eaa44f5a8c89de3cb67669b,seed,123
c68a6a2c5eaa44f5a8c89de3cb67669b,lambda_sex,0.3
c68a6a2c5eaa44f5a8c89de3cb67669b,lambda_form,0.2
c68a6a2c5eaa44f5a8c89de3cb67669b,num_params_M,10.71
c68a6a2c5eaa44f5a8c89de3cb67669b,inference_ms,19.94
7da8c29a4ecd44648cb1aa3de03ee539,architecture,efficientnet_b3
7da8c29a4ecd44648cb1aa3de03ee539,learning_rate,0.0001
7da8c29a4ecd44648cb1aa3de03ee539,batch_size,16
7da8c29a4ecd44648cb1aa3de03ee539,num_epochs,100
7da8c29a4ecd44648cb1aa3de03ee539,num_classes,10
7da8c29a4ecd44648cb1aa3de03ee539,preprocessing,seg_hard
7da8c29a4ecd44648cb1aa3de03ee539,training_mode,species_only
7da8c29a4ecd44648cb1aa3de03ee539,seed,456
7da8c29a4ecd44648cb1aa3de03ee539,lambda_sex,0.3
7da8c29a4ecd44648cb1aa3de03ee539,lambda_form,0.2
7da8c29a4ecd44648cb1aa3de03ee539,num_params_M,10.71
7da8c29a4ecd44648cb1aa3de03ee539,inference_ms,19.96
8232cb1fe7224293a92d495d85f33238,architecture,efficientnet_b3
8232cb1fe7224293a92d495d85f33238,learning_rate,0.0001
8232cb1fe7224293a92d495d85f33238,batch_size,16
8232cb1fe7224293a92d495d85f33238,num_epochs,100
8232cb1fe7224293a92d495d85f33238,num_classes,10
8232cb1fe7224293a92d495d85f33238,preprocessing,seg_hard
8232cb1fe7224293a92d495d85f33238,training_mode,multi_task
8232cb1fe7224293a92d495d85f33238,seed,42
8232cb1fe7224293a92d495d85f33238,lambda_sex,0.3
8232cb1fe7224293a92d495d85f33238,lambda_form,0.2
8232cb1fe7224293a92d495d85f33238,num_params_M,10.72
8232cb1fe7224293a92d495d85f33238,inference_ms,16.27
91670c336b7845f8b8392a345ab38014,architecture,efficientnet_b3
91670c336b7845f8b8392a345ab38014,learning_rate,0.0001
91670c336b7845f8b8392a345ab38014,batch_size,16
91670c336b7845f8b8392a345ab38014,num_epochs,100
91670c336b7845f8b8392a345ab38014,num_classes,10
91670c336b7845f8b8392a345ab38014,preprocessing,seg_hard
91670c336b7845f8b8392a345ab38014,training_mode,multi_task
91670c336b7845f8b8392a345ab38014,seed,123
91670c336b7845f8b8392a345ab38014,lambda_sex,0.3
91670c336b7845f8b8392a345ab38014,lambda_form,0.2
91670c336b7845f8b8392a345ab38014,num_params_M,10.72
91670c336b7845f8b8392a345ab38014,inference_ms,13.73
f9184dcfa7fe41ed884ec7a0cc7b1c53,architecture,efficientnet_b3
f9184dcfa7fe41ed884ec7a0cc7b1c53,learning_rate,0.0001
f9184dcfa7fe41ed884ec7a0cc7b1c53,batch_size,16
f9184dcfa7fe41ed884ec7a0cc7b1c53,num_epochs,100
f9184dcfa7fe41ed884ec7a0cc7b1c53,num_classes,10
f9184dcfa7fe41ed884ec7a0cc7b1c53,preprocessing,seg_hard
f9184dcfa7fe41ed884ec7a0cc7b1c53,training_mode,multi_task
f9184dcfa7fe41ed884ec7a0cc7b1c53,seed,456
f9184dcfa7fe41ed884ec7a0cc7b1c53,lambda_sex,0.3
f9184dcfa7fe41ed884ec7a0cc7b1c53,lambda_form,0.2
f9184dcfa7fe41ed884ec7a0cc7b1c53,num_params_M,10.72
f9184dcfa7fe41ed884ec7a0cc7b1c53,inference_ms,17.12
2aaa05b78d724930b7da9792468267ed,architecture,efficientnet_b3
2aaa05b78d724930b7da9792468267ed,learning_rate,0.0001
2aaa05b78d724930b7da9792468267ed,batch_size,16
2aaa05b78d724930b7da9792468267ed,num_epochs,100
2aaa05b78d724930b7da9792468267ed,num_classes,10
2aaa05b78d724930b7da9792468267ed,preprocessing,seg_soft
2aaa05b78d724930b7da9792468267ed,training_mode,species_only
2aaa05b78d724930b7da9792468267ed,seed,42
2aaa05b78d724930b7da9792468267ed,lambda_sex,0.3
2aaa05b78d724930b7da9792468267ed,lambda_form,0.2
2aaa05b78d724930b7da9792468267ed,num_params_M,10.71
2aaa05b78d724930b7da9792468267ed,inference_ms,15.6
7e38bd9c24e14c48b4f264b4e10170c0,architecture,efficientnet_b3
7e38bd9c24e14c48b4f264b4e10170c0,learning_rate,0.0001
7e38bd9c24e14c48b4f264b4e10170c0,batch_size,16
7e38bd9c24e14c48b4f264b4e10170c0,num_epochs,100
7e38bd9c24e14c48b4f264b4e10170c0,num_classes,10
7e38bd9c24e14c48b4f264b4e10170c0,preprocessing,seg_soft
7e38bd9c24e14c48b4f264b4e10170c0,training_mode,species_only
7e38bd9c24e14c48b4f264b4e10170c0,seed,123
7e38bd9c24e14c48b4f264b4e10170c0,lambda_sex,0.3
7e38bd9c24e14c48b4f264b4e10170c0,lambda_form,0.2
7e38bd9c24e14c48b4f264b4e10170c0,num_params_M,10.71
7e38bd9c24e14c48b4f264b4e10170c0,inference_ms,18.94
79750ebaf2ba45e581c43ffa68d35722,architecture,efficientnet_b3
79750ebaf2ba45e581c43ffa68d35722,learning_rate,0.0001
79750ebaf2ba45e581c43ffa68d35722,batch_size,16
79750ebaf2ba45e581c43ffa68d35722,num_epochs,100
79750ebaf2ba45e581c43ffa68d35722,num_classes,10
79750ebaf2ba45e581c43ffa68d35722,preprocessing,seg_soft
79750ebaf2ba45e581c43ffa68d35722,training_mode,species_only
79750ebaf2ba45e581c43ffa68d35722,seed,456
79750ebaf2ba45e581c43ffa68d35722,lambda_sex,0.3
79750ebaf2ba45e581c43ffa68d35722,lambda_form,0.2
79750ebaf2ba45e581c43ffa68d35722,num_params_M,10.71
79750ebaf2ba45e581c43ffa68d35722,inference_ms,13.58
0cfb4194006d489eb4429581c816b1ec,architecture,efficientnet_b3
0cfb4194006d489eb4429581c816b1ec,learning_rate,0.0001
0cfb4194006d489eb4429581c816b1ec,batch_size,16
0cfb4194006d489eb4429581c816b1ec,num_epochs,100
0cfb4194006d489eb4429581c816b1ec,num_classes,10
0cfb4194006d489eb4429581c816b1ec,preprocessing,seg_soft
0cfb4194006d489eb4429581c816b1ec,training_mode,multi_task
0cfb4194006d489eb4429581c816b1ec,seed,42
0cfb4194006d489eb4429581c816b1ec,lambda_sex,0.3
0cfb4194006d489eb4429581c816b1ec,lambda_form,0.2
0cfb4194006d489eb4429581c816b1ec,num_params_M,10.72
0cfb4194006d489eb4429581c816b1ec,inference_ms,12.35
b5a9a5b1e8274b22b3ac0a14291b4a55,architecture,efficientnet_b3
b5a9a5b1e8274b22b3ac0a14291b4a55,learning_rate,0.0001
b5a9a5b1e8274b22b3ac0a14291b4a55,batch_size,16
b5a9a5b1e8274b22b3ac0a14291b4a55,num_epochs,100
b5a9a5b1e8274b22b3ac0a14291b4a55,num_classes,10
b5a9a5b1e8274b22b3ac0a14291b4a55,preprocessing,seg_soft
b5a9a5b1e8274b22b3ac0a14291b4a55,training_mode,multi_task
b5a9a5b1e8274b22b3ac0a14291b4a55,seed,123
b5a9a5b1e8274b22b3ac0a14291b4a55,lambda_sex,0.3
b5a9a5b1e8274b22b3ac0a14291b4a55,lambda_form,0.2
b5a9a5b1e8274b22b3ac0a14291b4a55,num_params_M,10.72
b5a9a5b1e8274b22b3ac0a14291b4a55,inference_ms,12.82
f593a3ded6f040b9865f08ed114608f0,architecture,efficientnet_b3
f593a3ded6f040b9865f08ed114608f0,learning_rate,0.0001
f593a3ded6f040b9865f08ed114608f0,batch_size,16
f593a3ded6f040b9865f08ed114608f0,num_epochs,100
f593a3ded6f040b9865f08ed114608f0,num_classes,10
f593a3ded6f040b9865f08ed114608f0,preprocessing,seg_soft
f593a3ded6f040b9865f08ed114608f0,training_mode,multi_task
f593a3ded6f040b9865f08ed114608f0,seed,456
f593a3ded6f040b9865f08ed114608f0,lambda_sex,0.3
f593a3ded6f040b9865f08ed114608f0,lambda_form,0.2
f593a3ded6f040b9865f08ed114608f0,num_params_M,10.72
f593a3ded6f040b9865f08ed114608f0,inference_ms,19.38
89537c50fc994b758bb9a6840ca9ccaf,architecture,swin_tiny
89537c50fc994b758bb9a6840ca9ccaf,learning_rate,0.0001
89537c50fc994b758bb9a6840ca9ccaf,batch_size,16
89537c50fc994b758bb9a6840ca9ccaf,num_epochs,100
89537c50fc994b758bb9a6840ca9ccaf,num_classes,10
89537c50fc994b758bb9a6840ca9ccaf,preprocessing,full
89537c50fc994b758bb9a6840ca9ccaf,training_mode,species_only
89537c50fc994b758bb9a6840ca9ccaf,seed,42
89537c50fc994b758bb9a6840ca9ccaf,lambda_sex,0.3
89537c50fc994b758bb9a6840ca9ccaf,lambda_form,0.2
89537c50fc994b758bb9a6840ca9ccaf,num_params_M,27.53
89537c50fc994b758bb9a6840ca9ccaf,inference_ms,17.4
e5157128e9b04d6098650a1f774b3fd5,architecture,swin_tiny
e5157128e9b04d6098650a1f774b3fd5,learning_rate,0.0001
e5157128e9b04d6098650a1f774b3fd5,batch_size,16
e5157128e9b04d6098650a1f774b3fd5,num_epochs,100
e5157128e9b04d6098650a1f774b3fd5,num_classes,10
e5157128e9b04d6098650a1f774b3fd5,preprocessing,full
e5157128e9b04d6098650a1f774b3fd5,training_mode,species_only
e5157128e9b04d6098650a1f774b3fd5,seed,123
e5157128e9b04d6098650a1f774b3fd5,lambda_sex,0.3
e5157128e9b04d6098650a1f774b3fd5,lambda_form,0.2
e5157128e9b04d6098650a1f774b3fd5,num_params_M,27.53
e5157128e9b04d6098650a1f774b3fd5,inference_ms,19.31
a44f9bb0a7fb49af80181d3b6ecd14d1,architecture,swin_tiny
a44f9bb0a7fb49af80181d3b6ecd14d1,learning_rate,0.0001
a44f9bb0a7fb49af80181d3b6ecd14d1,batch_size,16
a44f9bb0a7fb49af80181d3b6ecd14d1,num_epochs,100
a44f9bb0a7fb49af80181d3b6ecd14d1,num_classes,10
a44f9bb0a7fb49af80181d3b6ecd14d1,preprocessing,full
a44f9bb0a7fb49af80181d3b6ecd14d1,training_mode,species_only
a44f9bb0a7fb49af80181d3b6ecd14d1,seed,456
a44f9bb0a7fb49af80181d3b6ecd14d1,lambda_sex,0.3
a44f9bb0a7fb49af80181d3b6ecd14d1,lambda_form,0.2
a44f9bb0a7fb49af80181d3b6ecd14d1,num_params_M,27.53
a44f9bb0a7fb49af80181d3b6ecd14d1,inference_ms,18.18
54194cf6a0fa4c0a83fca4ae3994f900,architecture,swin_tiny
54194cf6a0fa4c0a83fca4ae3994f900,learning_rate,0.0001
54194cf6a0fa4c0a83fca4ae3994f900,batch_size,16
54194cf6a0fa4c0a83fca4ae3994f900,num_epochs,100
54194cf6a0fa4c0a83fca4ae3994f900,num_classes,10
54194cf6a0fa4c0a83fca4ae3994f900,preprocessing,full
54194cf6a0fa4c0a83fca4ae3994f900,training_mode,multi_task
54194cf6a0fa4c0a83fca4ae3994f900,seed,42
54194cf6a0fa4c0a83fca4ae3994f900,lambda_sex,0.3
54194cf6a0fa4c0a83fca4ae3994f900,lambda_form,0.2
54194cf6a0fa4c0a83fca4ae3994f900,num_params_M,27.53
54194cf6a0fa4c0a83fca4ae3994f900,inference_ms,17.84
7fd19c7d7ceb4597a5c92ab9b7bf7e32,architecture,swin_tiny
7fd19c7d7ceb4597a5c92ab9b7bf7e32,learning_rate,0.0001
7fd19c7d7ceb4597a5c92ab9b7bf7e32,batch_size,16
7fd19c7d7ceb4597a5c92ab9b7bf7e32,num_epochs,100
7fd19c7d7ceb4597a5c92ab9b7bf7e32,num_classes,10
7fd19c7d7ceb4597a5c92ab9b7bf7e32,preprocessing,full
7fd19c7d7ceb4597a5c92ab9b7bf7e32,training_mode,multi_task
7fd19c7d7ceb4597a5c92ab9b7bf7e32,seed,123
7fd19c7d7ceb4597a5c92ab9b7bf7e32,lambda_sex,0.3
7fd19c7d7ceb4597a5c92ab9b7bf7e32,lambda_form,0.2
7fd19c7d7ceb4597a5c92ab9b7bf7e32,num_params_M,27.53
7fd19c7d7ceb4597a5c92ab9b7bf7e32,inference_ms,16.82
ac6c42e9d08e4ab6993b394a93bb9bfe,architecture,swin_tiny
ac6c42e9d08e4ab6993b394a93bb9bfe,learning_rate,0.0001
ac6c42e9d08e4ab6993b394a93bb9bfe,batch_size,16
ac6c42e9d08e4ab6993b394a93bb9bfe,num_epochs,100
ac6c42e9d08e4ab6993b394a93bb9bfe,num_classes,10
ac6c42e9d08e4ab6993b394a93bb9bfe,preprocessing,full
ac6c42e9d08e4ab6993b394a93bb9bfe,training_mode,multi_task
ac6c42e9d08e4ab6993b394a93bb9bfe,seed,456
ac6c42e9d08e4ab6993b394a93bb9bfe,lambda_sex,0.3
ac6c42e9d08e4ab6993b394a93bb9bfe,lambda_form,0.2
ac6c42e9d08e4ab6993b394a93bb9bfe,num_params_M,27.53
ac6c42e9d08e4ab6993b394a93bb9bfe,inference_ms,19.73
1457b16aea964db6ac2e3027310cc327,architecture,swin_tiny
1457b16aea964db6ac2e3027310cc327,learning_rate,0.0001
1457b16aea964db6ac2e3027310cc327,batch_size,16
1457b16aea964db6ac2e3027310cc327,num_epochs,100
1457b16aea964db6ac2e3027310cc327,num_classes,10
1457b16aea964db6ac2e3027310cc327,preprocessing,bbox
1457b16aea964db6ac2e3027310cc327,training_mode,species_only
1457b16aea964db6ac2e3027310cc327,seed,42
1457b16aea964db6ac2e3027310cc327,lambda_sex,0.3
1457b16aea964db6ac2e3027310cc327,lambda_form,0.2
1457b16aea964db6ac2e3027310cc327,num_params_M,27.53
1457b16aea964db6ac2e3027310cc327,inference_ms,24.98
86b32a9b65e14ab9a8692379a7125cad,architecture,swin_tiny
86b32a9b65e14ab9a8692379a7125cad,learning_rate,0.0001
86b32a9b65e14ab9a8692379a7125cad,batch_size,16
86b32a9b65e14ab9a8692379a7125cad,num_epochs,100
86b32a9b65e14ab9a8692379a7125cad,num_classes,10
86b32a9b65e14ab9a8692379a7125cad,preprocessing,bbox
86b32a9b65e14ab9a8692379a7125cad,training_mode,species_only
86b32a9b65e14ab9a8692379a7125cad,seed,123
86b32a9b65e14ab9a8692379a7125cad,lambda_sex,0.3
86b32a9b65e14ab9a8692379a7125cad,lambda_form,0.2
86b32a9b65e14ab9a8692379a7125cad,num_params_M,27.53
86b32a9b65e14ab9a8692379a7125cad,inference_ms,23.15
735483d491a94942ae6220f5e55a41b2,architecture,swin_tiny
735483d491a94942ae6220f5e55a41b2,learning_rate,0.0001
735483d491a94942ae6220f5e55a41b2,batch_size,16
735483d491a94942ae6220f5e55a41b2,num_epochs,100
735483d491a94942ae6220f5e55a41b2,num_classes,10
735483d491a94942ae6220f5e55a41b2,preprocessing,bbox
735483d491a94942ae6220f5e55a41b2,training_mode,species_only
735483d491a94942ae6220f5e55a41b2,seed,456
735483d491a94942ae6220f5e55a41b2,lambda_sex,0.3
735483d491a94942ae6220f5e55a41b2,lambda_form,0.2
735483d491a94942ae6220f5e55a41b2,num_params_M,27.53
735483d491a94942ae6220f5e55a41b2,inference_ms,23.43
d182f45bc3ba4ad08bdd9c89f0a33f97,architecture,swin_tiny
d182f45bc3ba4ad08bdd9c89f0a33f97,learning_rate,0.0001
d182f45bc3ba4ad08bdd9c89f0a33f97,batch_size,16
d182f45bc3ba4ad08bdd9c89f0a33f97,num_epochs,100
d182f45bc3ba4ad08bdd9c89f0a33f97,num_classes,10
d182f45bc3ba4ad08bdd9c89f0a33f97,preprocessing,bbox
d182f45bc3ba4ad08bdd9c89f0a33f97,training_mode,multi_task
d182f45bc3ba4ad08bdd9c89f0a33f97,seed,42
d182f45bc3ba4ad08bdd9c89f0a33f97,lambda_sex,0.3
d182f45bc3ba4ad08bdd9c89f0a33f97,lambda_form,0.2
d182f45bc3ba4ad08bdd9c89f0a33f97,num_params_M,27.53
d182f45bc3ba4ad08bdd9c89f0a33f97,inference_ms,24.53
07842689cfe7493293a438221faa046b,architecture,swin_tiny
07842689cfe7493293a438221faa046b,learning_rate,0.0001
07842689cfe7493293a438221faa046b,batch_size,16
07842689cfe7493293a438221faa046b,num_epochs,100
07842689cfe7493293a438221faa046b,num_classes,10
07842689cfe7493293a438221faa046b,preprocessing,bbox
07842689cfe7493293a438221faa046b,training_mode,multi_task
07842689cfe7493293a438221faa046b,seed,123
07842689cfe7493293a438221faa046b,lambda_sex,0.3
07842689cfe7493293a438221faa046b,lambda_form,0.2
07842689cfe7493293a438221faa046b,num_params_M,27.53
07842689cfe7493293a438221faa046b,inference_ms,24.02
a78d8ebc25884f4cbc604ea8c40d5519,architecture,swin_tiny
a78d8ebc25884f4cbc604ea8c40d5519,learning_rate,0.0001
a78d8ebc25884f4cbc604ea8c40d5519,batch_size,16
a78d8ebc25884f4cbc604ea8c40d5519,num_epochs,100
a78d8ebc25884f4cbc604ea8c40d5519,num_classes,10
a78d8ebc25884f4cbc604ea8c40d5519,preprocessing,bbox
a78d8ebc25884f4cbc604ea8c40d5519,training_mode,multi_task
a78d8ebc25884f4cbc604ea8c40d5519,seed,456
a78d8ebc25884f4cbc604ea8c40d5519,lambda_sex,0.3
a78d8ebc25884f4cbc604ea8c40d5519,lambda_form,0.2
a78d8ebc25884f4cbc604ea8c40d5519,num_params_M,27.53
a78d8ebc25884f4cbc604ea8c40d5519,inference_ms,23.0
dbbc5f79e783456d87e07096c19bca26,architecture,swin_tiny
dbbc5f79e783456d87e07096c19bca26,learning_rate,0.0001
dbbc5f79e783456d87e07096c19bca26,batch_size,16
dbbc5f79e783456d87e07096c19bca26,num_epochs,100
dbbc5f79e783456d87e07096c19bca26,num_classes,10
dbbc5f79e783456d87e07096c19bca26,preprocessing,seg_hard
dbbc5f79e783456d87e07096c19bca26,training_mode,species_only
dbbc5f79e783456d87e07096c19bca26,seed,42
dbbc5f79e783456d87e07096c19bca26,lambda_sex,0.3
dbbc5f79e783456d87e07096c19bca26,lambda_form,0.2
dbbc5f79e783456d87e07096c19bca26,num_params_M,27.53
dbbc5f79e783456d87e07096c19bca26,inference_ms,12.72
424446f81e4643aaa43bb40798a8864c,architecture,swin_tiny
424446f81e4643aaa43bb40798a8864c,learning_rate,0.0001
424446f81e4643aaa43bb40798a8864c,batch_size,16
424446f81e4643aaa43bb40798a8864c,num_epochs,100
424446f81e4643aaa43bb40798a8864c,num_classes,10
424446f81e4643aaa43bb40798a8864c,preprocessing,seg_hard
424446f81e4643aaa43bb40798a8864c,training_mode,species_only
424446f81e4643aaa43bb40798a8864c,seed,123
424446f81e4643aaa43bb40798a8864c,lambda_sex,0.3
424446f81e4643aaa43bb40798a8864c,lambda_form,0.2
424446f81e4643aaa43bb40798a8864c,num_params_M,27.53
424446f81e4643aaa43bb40798a8864c,inference_ms,12.08
99bbeec3d2814912a4ba2c18fb31217f,architecture,swin_tiny
99bbeec3d2814912a4ba2c18fb31217f,learning_rate,0.0001
99bbeec3d2814912a4ba2c18fb31217f,batch_size,16
99bbeec3d2814912a4ba2c18fb31217f,num_epochs,100
99bbeec3d2814912a4ba2c18fb31217f,num_classes,10
99bbeec3d2814912a4ba2c18fb31217f,preprocessing,seg_hard
99bbeec3d2814912a4ba2c18fb31217f,training_mode,species_only
99bbeec3d2814912a4ba2c18fb31217f,seed,456
99bbeec3d2814912a4ba2c18fb31217f,lambda_sex,0.3
99bbeec3d2814912a4ba2c18fb31217f,lambda_form,0.2
99bbeec3d2814912a4ba2c18fb31217f,num_params_M,27.53
99bbeec3d2814912a4ba2c18fb31217f,inference_ms,17.59
b60470af8d3f4de2b89372af309e3c97,architecture,swin_tiny
b60470af8d3f4de2b89372af309e3c97,learning_rate,0.0001
b60470af8d3f4de2b89372af309e3c97,batch_size,16
b60470af8d3f4de2b89372af309e3c97,num_epochs,100
b60470af8d3f4de2b89372af309e3c97,num_classes,10
b60470af8d3f4de2b89372af309e3c97,preprocessing,seg_hard
b60470af8d3f4de2b89372af309e3c97,training_mode,multi_task
b60470af8d3f4de2b89372af309e3c97,seed,42
b60470af8d3f4de2b89372af309e3c97,lambda_sex,0.3
b60470af8d3f4de2b89372af309e3c97,lambda_form,0.2
b60470af8d3f4de2b89372af309e3c97,num_params_M,27.53
b60470af8d3f4de2b89372af309e3c97,inference_ms,14.45
e0dda43c5f0e4bf8b85ee224495c82b2,architecture,swin_tiny
e0dda43c5f0e4bf8b85ee224495c82b2,learning_rate,0.0001
e0dda43c5f0e4bf8b85ee224495c82b2,batch_size,16
e0dda43c5f0e4bf8b85ee224495c82b2,num_epochs,100
e0dda43c5f0e4bf8b85ee224495c82b2,num_classes,10
e0dda43c5f0e4bf8b85ee224495c82b2,preprocessing,seg_hard
e0dda43c5f0e4bf8b85ee224495c82b2,training_mode,multi_task
e0dda43c5f0e4bf8b85ee224495c82b2,seed,123
e0dda43c5f0e4bf8b85ee224495c82b2,lambda_sex,0.3
e0dda43c5f0e4bf8b85ee224495c82b2,lambda_form,0.2
e0dda43c5f0e4bf8b85ee224495c82b2,num_params_M,27.53
e0dda43c5f0e4bf8b85ee224495c82b2,inference_ms,17.23
c806155cc36145bab4e9b92d88148f2e,architecture,swin_tiny
c806155cc36145bab4e9b92d88148f2e,learning_rate,0.0001
c806155cc36145bab4e9b92d88148f2e,batch_size,16
c806155cc36145bab4e9b92d88148f2e,num_epochs,100
c806155cc36145bab4e9b92d88148f2e,num_classes,10
c806155cc36145bab4e9b92d88148f2e,preprocessing,seg_hard
c806155cc36145bab4e9b92d88148f2e,training_mode,multi_task
c806155cc36145bab4e9b92d88148f2e,seed,456
c806155cc36145bab4e9b92d88148f2e,lambda_sex,0.3
c806155cc36145bab4e9b92d88148f2e,lambda_form,0.2
c806155cc36145bab4e9b92d88148f2e,num_params_M,27.53
c806155cc36145bab4e9b92d88148f2e,inference_ms,13.0
381e9536b2394ff2a00bc03813817b3a,architecture,swin_tiny
381e9536b2394ff2a00bc03813817b3a,learning_rate,0.0001
381e9536b2394ff2a00bc03813817b3a,batch_size,16
381e9536b2394ff2a00bc03813817b3a,num_epochs,100
381e9536b2394ff2a00bc03813817b3a,num_classes,10
381e9536b2394ff2a00bc03813817b3a,preprocessing,seg_soft
381e9536b2394ff2a00bc03813817b3a,training_mode,species_only
381e9536b2394ff2a00bc03813817b3a,seed,42
381e9536b2394ff2a00bc03813817b3a,lambda_sex,0.3
381e9536b2394ff2a00bc03813817b3a,lambda_form,0.2
381e9536b2394ff2a00bc03813817b3a,num_params_M,27.53
381e9536b2394ff2a00bc03813817b3a,inference_ms,15.69
a0db5da279054306856cab6b3dcaba88,architecture,swin_tiny
a0db5da279054306856cab6b3dcaba88,learning_rate,0.0001
a0db5da279054306856cab6b3dcaba88,batch_size,16
a0db5da279054306856cab6b3dcaba88,num_epochs,100
a0db5da279054306856cab6b3dcaba88,num_classes,10
a0db5da279054306856cab6b3dcaba88,preprocessing,seg_soft
a0db5da279054306856cab6b3dcaba88,training_mode,species_only
a0db5da279054306856cab6b3dcaba88,seed,123
a0db5da279054306856cab6b3dcaba88,lambda_sex,0.3
a0db5da279054306856cab6b3dcaba88,lambda_form,0.2
a0db5da279054306856cab6b3dcaba88,num_params_M,27.53
a0db5da279054306856cab6b3dcaba88,inference_ms,12.03
a4a312ba40024f7f90138e2da0293409,architecture,swin_tiny
a4a312ba40024f7f90138e2da0293409,learning_rate,0.0001
a4a312ba40024f7f90138e2da0293409,batch_size,16
a4a312ba40024f7f90138e2da0293409,num_epochs,100
a4a312ba40024f7f90138e2da0293409,num_classes,10
a4a312ba40024f7f90138e2da0293409,preprocessing,seg_soft
a4a312ba40024f7f90138e2da0293409,training_mode,species_only
a4a312ba40024f7f90138e2da0293409,seed,456
a4a312ba40024f7f90138e2da0293409,lambda_sex,0.3
a4a312ba40024f7f90138e2da0293409,lambda_form,0.2
a4a312ba40024f7f90138e2da0293409,num_params_M,27.53
a4a312ba40024f7f90138e2da0293409,inference_ms,13.06
9fe6191c0f66458b8e30b69bdada8bac,architecture,swin_tiny
9fe6191c0f66458b8e30b69bdada8bac,learning_rate,0.0001
9fe6191c0f66458b8e30b69bdada8bac,batch_size,16
9fe6191c0f66458b8e30b69bdada8bac,num_epochs,100
9fe6191c0f66458b8e30b69bdada8bac,num_classes,10
9fe6191c0f66458b8e30b69bdada8bac,preprocessing,seg_soft
9fe6191c0f66458b8e30b69bdada8bac,training_mode,multi_task
9fe6191c0f66458b8e30b69bdada8bac,seed,42
9fe6191c0f66458b8e30b69bdada8bac,lambda_sex,0.3
9fe6191c0f66458b8e30b69bdada8bac,lambda_form,0.2
9fe6191c0f66458b8e30b69bdada8bac,num_params_M,27.53
9fe6191c0f66458b8e30b69bdada8bac,inference_ms,14.89
52994ced1522440583fcd475c1af229f,architecture,swin_tiny
52994ced1522440583fcd475c1af229f,learning_rate,0.0001
52994ced1522440583fcd475c1af229f,batch_size,16
52994ced1522440583fcd475c1af229f,num_epochs,100
52994ced1522440583fcd475c1af229f,num_classes,10
52994ced1522440583fcd475c1af229f,preprocessing,seg_soft
52994ced1522440583fcd475c1af229f,training_mode,multi_task
52994ced1522440583fcd475c1af229f,seed,123
52994ced1522440583fcd475c1af229f,lambda_sex,0.3
52994ced1522440583fcd475c1af229f,lambda_form,0.2
52994ced1522440583fcd475c1af229f,num_params_M,27.53
52994ced1522440583fcd475c1af229f,inference_ms,17.52
58e1fc2c209d4360893e2774bc2f952b,architecture,swin_tiny
58e1fc2c209d4360893e2774bc2f952b,learning_rate,0.0001
58e1fc2c209d4360893e2774bc2f952b,batch_size,16
58e1fc2c209d4360893e2774bc2f952b,num_epochs,100
58e1fc2c209d4360893e2774bc2f952b,num_classes,10
58e1fc2c209d4360893e2774bc2f952b,preprocessing,seg_soft
58e1fc2c209d4360893e2774bc2f952b,training_mode,multi_task
58e1fc2c209d4360893e2774bc2f952b,seed,456
58e1fc2c209d4360893e2774bc2f952b,lambda_sex,0.3
58e1fc2c209d4360893e2774bc2f952b,lambda_form,0.2
58e1fc2c209d4360893e2774bc2f952b,num_params_M,27.53
58e1fc2c209d4360893e2774bc2f952b,inference_ms,13.05
9d137692fa1c41e6916a125a7d6e9723,architecture,vit_small
9d137692fa1c41e6916a125a7d6e9723,learning_rate,0.0001
9d137692fa1c41e6916a125a7d6e9723,batch_size,16
9d137692fa1c41e6916a125a7d6e9723,num_epochs,100
9d137692fa1c41e6916a125a7d6e9723,num_classes,10
9d137692fa1c41e6916a125a7d6e9723,preprocessing,full
9d137692fa1c41e6916a125a7d6e9723,training_mode,species_only
9d137692fa1c41e6916a125a7d6e9723,seed,42
9d137692fa1c41e6916a125a7d6e9723,lambda_sex,0.3
9d137692fa1c41e6916a125a7d6e9723,lambda_form,0.2
9d137692fa1c41e6916a125a7d6e9723,num_params_M,85.81
9d137692fa1c41e6916a125a7d6e9723,inference_ms,7.73
9e715e3fee4542a9b7099d80a5d7d524,architecture,vit_small
9e715e3fee4542a9b7099d80a5d7d524,learning_rate,0.0001
9e715e3fee4542a9b7099d80a5d7d524,batch_size,16
9e715e3fee4542a9b7099d80a5d7d524,num_epochs,100
9e715e3fee4542a9b7099d80a5d7d524,num_classes,10
9e715e3fee4542a9b7099d80a5d7d524,preprocessing,full
9e715e3fee4542a9b7099d80a5d7d524,training_mode,species_only
9e715e3fee4542a9b7099d80a5d7d524,seed,123
9e715e3fee4542a9b7099d80a5d7d524,lambda_sex,0.3
9e715e3fee4542a9b7099d80a5d7d524,lambda_form,0.2
9e715e3fee4542a9b7099d80a5d7d524,num_params_M,85.81
9e715e3fee4542a9b7099d80a5d7d524,inference_ms,7.62
9a25a832543444458d35ab37debc60ec,architecture,vit_small
9a25a832543444458d35ab37debc60ec,learning_rate,0.0001
9a25a832543444458d35ab37debc60ec,batch_size,16
9a25a832543444458d35ab37debc60ec,num_epochs,100
9a25a832543444458d35ab37debc60ec,num_classes,10
9a25a832543444458d35ab37debc60ec,preprocessing,full
9a25a832543444458d35ab37debc60ec,training_mode,species_only
9a25a832543444458d35ab37debc60ec,seed,456
9a25a832543444458d35ab37debc60ec,lambda_sex,0.3
9a25a832543444458d35ab37debc60ec,lambda_form,0.2
9a25a832543444458d35ab37debc60ec,num_params_M,85.81
9a25a832543444458d35ab37debc60ec,inference_ms,7.62
b522b86d59884b21b66ecf1d67a86a9c,architecture,vit_small
b522b86d59884b21b66ecf1d67a86a9c,learning_rate,0.0001
b522b86d59884b21b66ecf1d67a86a9c,batch_size,16
b522b86d59884b21b66ecf1d67a86a9c,num_epochs,100
b522b86d59884b21b66ecf1d67a86a9c,num_classes,10
b522b86d59884b21b66ecf1d67a86a9c,preprocessing,full
b522b86d59884b21b66ecf1d67a86a9c,training_mode,multi_task
b522b86d59884b21b66ecf1d67a86a9c,seed,42
b522b86d59884b21b66ecf1d67a86a9c,lambda_sex,0.3
b522b86d59884b21b66ecf1d67a86a9c,lambda_form,0.2
b522b86d59884b21b66ecf1d67a86a9c,num_params_M,85.81
b522b86d59884b21b66ecf1d67a86a9c,inference_ms,7.27
644609b997cb45b8a55673ab275ded7e,architecture,vit_small
644609b997cb45b8a55673ab275ded7e,learning_rate,0.0001
644609b997cb45b8a55673ab275ded7e,batch_size,16
644609b997cb45b8a55673ab275ded7e,num_epochs,100
644609b997cb45b8a55673ab275ded7e,num_classes,10
644609b997cb45b8a55673ab275ded7e,preprocessing,full
644609b997cb45b8a55673ab275ded7e,training_mode,multi_task
644609b997cb45b8a55673ab275ded7e,seed,123
644609b997cb45b8a55673ab275ded7e,lambda_sex,0.3
644609b997cb45b8a55673ab275ded7e,lambda_form,0.2
644609b997cb45b8a55673ab275ded7e,num_params_M,85.81
644609b997cb45b8a55673ab275ded7e,inference_ms,9.79
03724deb043e4a7eb6d884f2e0e5c453,architecture,vit_small
03724deb043e4a7eb6d884f2e0e5c453,learning_rate,0.0001
03724deb043e4a7eb6d884f2e0e5c453,batch_size,16
03724deb043e4a7eb6d884f2e0e5c453,num_epochs,100
03724deb043e4a7eb6d884f2e0e5c453,num_classes,10
03724deb043e4a7eb6d884f2e0e5c453,preprocessing,full
03724deb043e4a7eb6d884f2e0e5c453,training_mode,multi_task
03724deb043e4a7eb6d884f2e0e5c453,seed,456
03724deb043e4a7eb6d884f2e0e5c453,lambda_sex,0.3
03724deb043e4a7eb6d884f2e0e5c453,lambda_form,0.2
03724deb043e4a7eb6d884f2e0e5c453,num_params_M,85.81
03724deb043e4a7eb6d884f2e0e5c453,inference_ms,9.01
5903dfcb5d6f4e529832554006f069bd,architecture,vit_small
5903dfcb5d6f4e529832554006f069bd,learning_rate,0.0001
5903dfcb5d6f4e529832554006f069bd,batch_size,16
5903dfcb5d6f4e529832554006f069bd,num_epochs,100
5903dfcb5d6f4e529832554006f069bd,num_classes,10
5903dfcb5d6f4e529832554006f069bd,preprocessing,bbox
5903dfcb5d6f4e529832554006f069bd,training_mode,species_only
5903dfcb5d6f4e529832554006f069bd,seed,42
5903dfcb5d6f4e529832554006f069bd,lambda_sex,0.3
5903dfcb5d6f4e529832554006f069bd,lambda_form,0.2
5903dfcb5d6f4e529832554006f069bd,num_params_M,85.81
5903dfcb5d6f4e529832554006f069bd,inference_ms,8.43
b02f8f86d8fc4e9faf82c208e562ecf6,architecture,vit_small
b02f8f86d8fc4e9faf82c208e562ecf6,learning_rate,0.0001
b02f8f86d8fc4e9faf82c208e562ecf6,batch_size,16
b02f8f86d8fc4e9faf82c208e562ecf6,num_epochs,100
b02f8f86d8fc4e9faf82c208e562ecf6,num_classes,10
b02f8f86d8fc4e9faf82c208e562ecf6,preprocessing,bbox
b02f8f86d8fc4e9faf82c208e562ecf6,training_mode,species_only
b02f8f86d8fc4e9faf82c208e562ecf6,seed,123
b02f8f86d8fc4e9faf82c208e562ecf6,lambda_sex,0.3
b02f8f86d8fc4e9faf82c208e562ecf6,lambda_form,0.2
b02f8f86d8fc4e9faf82c208e562ecf6,num_params_M,85.81
b02f8f86d8fc4e9faf82c208e562ecf6,inference_ms,9.4
1cc8af961042486fb51e0f28262772eb,architecture,vit_small
1cc8af961042486fb51e0f28262772eb,learning_rate,0.0001
1cc8af961042486fb51e0f28262772eb,batch_size,16
1cc8af961042486fb51e0f28262772eb,num_epochs,100
1cc8af961042486fb51e0f28262772eb,num_classes,10
1cc8af961042486fb51e0f28262772eb,preprocessing,bbox
1cc8af961042486fb51e0f28262772eb,training_mode,species_only
1cc8af961042486fb51e0f28262772eb,seed,456
1cc8af961042486fb51e0f28262772eb,lambda_sex,0.3
1cc8af961042486fb51e0f28262772eb,lambda_form,0.2
1cc8af961042486fb51e0f28262772eb,num_params_M,85.81
1cc8af961042486fb51e0f28262772eb,inference_ms,8.52
3e39c09be40d47ba9dbbaf6c01ab4901,architecture,vit_small
3e39c09be40d47ba9dbbaf6c01ab4901,learning_rate,0.0001
3e39c09be40d47ba9dbbaf6c01ab4901,batch_size,16
3e39c09be40d47ba9dbbaf6c01ab4901,num_epochs,100
3e39c09be40d47ba9dbbaf6c01ab4901,num_classes,10
3e39c09be40d47ba9dbbaf6c01ab4901,preprocessing,bbox
3e39c09be40d47ba9dbbaf6c01ab4901,training_mode,multi_task
3e39c09be40d47ba9dbbaf6c01ab4901,seed,42
3e39c09be40d47ba9dbbaf6c01ab4901,lambda_sex,0.3
3e39c09be40d47ba9dbbaf6c01ab4901,lambda_form,0.2
3e39c09be40d47ba9dbbaf6c01ab4901,num_params_M,85.81
3e39c09be40d47ba9dbbaf6c01ab4901,inference_ms,9.91
4c790de2352845159177c1f684cda3e8,architecture,vit_small
4c790de2352845159177c1f684cda3e8,learning_rate,0.0001
4c790de2352845159177c1f684cda3e8,batch_size,16
4c790de2352845159177c1f684cda3e8,num_epochs,100
4c790de2352845159177c1f684cda3e8,num_classes,10
4c790de2352845159177c1f684cda3e8,preprocessing,bbox
4c790de2352845159177c1f684cda3e8,training_mode,multi_task
4c790de2352845159177c1f684cda3e8,seed,123
4c790de2352845159177c1f684cda3e8,lambda_sex,0.3
4c790de2352845159177c1f684cda3e8,lambda_form,0.2
4c790de2352845159177c1f684cda3e8,num_params_M,85.81
4c790de2352845159177c1f684cda3e8,inference_ms,7.98
e5a56c9e7204431abcee2c09780c3aed,architecture,vit_small
e5a56c9e7204431abcee2c09780c3aed,learning_rate,0.0001
e5a56c9e7204431abcee2c09780c3aed,batch_size,16
e5a56c9e7204431abcee2c09780c3aed,num_epochs,100
e5a56c9e7204431abcee2c09780c3aed,num_classes,10
e5a56c9e7204431abcee2c09780c3aed,preprocessing,bbox
e5a56c9e7204431abcee2c09780c3aed,training_mode,multi_task
e5a56c9e7204431abcee2c09780c3aed,seed,456
e5a56c9e7204431abcee2c09780c3aed,lambda_sex,0.3
e5a56c9e7204431abcee2c09780c3aed,lambda_form,0.2
e5a56c9e7204431abcee2c09780c3aed,num_params_M,85.81
e5a56c9e7204431abcee2c09780c3aed,inference_ms,15.86
aa7a2572c760480c8c555dd157dc7525,architecture,vit_small
aa7a2572c760480c8c555dd157dc7525,learning_rate,0.0001
aa7a2572c760480c8c555dd157dc7525,batch_size,16
aa7a2572c760480c8c555dd157dc7525,num_epochs,100
aa7a2572c760480c8c555dd157dc7525,num_classes,10
aa7a2572c760480c8c555dd157dc7525,preprocessing,seg_hard
aa7a2572c760480c8c555dd157dc7525,training_mode,species_only
aa7a2572c760480c8c555dd157dc7525,seed,42
aa7a2572c760480c8c555dd157dc7525,lambda_sex,0.3
aa7a2572c760480c8c555dd157dc7525,lambda_form,0.2
aa7a2572c760480c8c555dd157dc7525,num_params_M,85.81
aa7a2572c760480c8c555dd157dc7525,inference_ms,7.84
51b9735e71464d0b8d7b7af54dc7a249,architecture,vit_small
51b9735e71464d0b8d7b7af54dc7a249,learning_rate,0.0001
51b9735e71464d0b8d7b7af54dc7a249,batch_size,16
51b9735e71464d0b8d7b7af54dc7a249,num_epochs,100
51b9735e71464d0b8d7b7af54dc7a249,num_classes,10
51b9735e71464d0b8d7b7af54dc7a249,preprocessing,seg_hard
51b9735e71464d0b8d7b7af54dc7a249,training_mode,species_only
51b9735e71464d0b8d7b7af54dc7a249,seed,123
51b9735e71464d0b8d7b7af54dc7a249,lambda_sex,0.3
51b9735e71464d0b8d7b7af54dc7a249,lambda_form,0.2
51b9735e71464d0b8d7b7af54dc7a249,num_params_M,85.81
51b9735e71464d0b8d7b7af54dc7a249,inference_ms,8.9
153ee613eda94d50bf35475b59d636b7,architecture,vit_small
153ee613eda94d50bf35475b59d636b7,learning_rate,0.0001
153ee613eda94d50bf35475b59d636b7,batch_size,16
153ee613eda94d50bf35475b59d636b7,num_epochs,100
153ee613eda94d50bf35475b59d636b7,num_classes,10
153ee613eda94d50bf35475b59d636b7,preprocessing,seg_hard
153ee613eda94d50bf35475b59d636b7,training_mode,species_only
153ee613eda94d50bf35475b59d636b7,seed,456
153ee613eda94d50bf35475b59d636b7,lambda_sex,0.3
153ee613eda94d50bf35475b59d636b7,lambda_form,0.2
153ee613eda94d50bf35475b59d636b7,num_params_M,85.81
153ee613eda94d50bf35475b59d636b7,inference_ms,9.97
4eb938a1671040e088e697beb901dc8d,architecture,vit_small
4eb938a1671040e088e697beb901dc8d,learning_rate,0.0001
4eb938a1671040e088e697beb901dc8d,batch_size,16
4eb938a1671040e088e697beb901dc8d,num_epochs,100
4eb938a1671040e088e697beb901dc8d,num_classes,10
4eb938a1671040e088e697beb901dc8d,preprocessing,seg_hard
4eb938a1671040e088e697beb901dc8d,training_mode,multi_task
4eb938a1671040e088e697beb901dc8d,seed,42
4eb938a1671040e088e697beb901dc8d,lambda_sex,0.3
4eb938a1671040e088e697beb901dc8d,lambda_form,0.2
4eb938a1671040e088e697beb901dc8d,num_params_M,85.81
4eb938a1671040e088e697beb901dc8d,inference_ms,8.4
afe9fba553c24edd8b081b40c076fdea,architecture,vit_small
afe9fba553c24edd8b081b40c076fdea,learning_rate,0.0001
afe9fba553c24edd8b081b40c076fdea,batch_size,16
afe9fba553c24edd8b081b40c076fdea,num_epochs,100
afe9fba553c24edd8b081b40c076fdea,num_classes,10
afe9fba553c24edd8b081b40c076fdea,preprocessing,seg_hard
afe9fba553c24edd8b081b40c076fdea,training_mode,multi_task
afe9fba553c24edd8b081b40c076fdea,seed,123
afe9fba553c24edd8b081b40c076fdea,lambda_sex,0.3
afe9fba553c24edd8b081b40c076fdea,lambda_form,0.2
afe9fba553c24edd8b081b40c076fdea,num_params_M,85.81
afe9fba553c24edd8b081b40c076fdea,inference_ms,8.56
4e2d91560f8e492e80a2021ade6410a1,architecture,vit_small
4e2d91560f8e492e80a2021ade6410a1,learning_rate,0.0001
4e2d91560f8e492e80a2021ade6410a1,batch_size,16
4e2d91560f8e492e80a2021ade6410a1,num_epochs,100
4e2d91560f8e492e80a2021ade6410a1,num_classes,10
4e2d91560f8e492e80a2021ade6410a1,preprocessing,seg_hard
4e2d91560f8e492e80a2021ade6410a1,training_mode,multi_task
4e2d91560f8e492e80a2021ade6410a1,seed,456
4e2d91560f8e492e80a2021ade6410a1,lambda_sex,0.3
4e2d91560f8e492e80a2021ade6410a1,lambda_form,0.2
4e2d91560f8e492e80a2021ade6410a1,num_params_M,85.81
4e2d91560f8e492e80a2021ade6410a1,inference_ms,9.98
693d9d7b90de44178f4ca991eee08984,architecture,vit_small
693d9d7b90de44178f4ca991eee08984,learning_rate,0.0001
693d9d7b90de44178f4ca991eee08984,batch_size,16
693d9d7b90de44178f4ca991eee08984,num_epochs,100
693d9d7b90de44178f4ca991eee08984,num_classes,10
693d9d7b90de44178f4ca991eee08984,preprocessing,seg_soft
693d9d7b90de44178f4ca991eee08984,training_mode,species_only
693d9d7b90de44178f4ca991eee08984,seed,42
693d9d7b90de44178f4ca991eee08984,lambda_sex,0.3
693d9d7b90de44178f4ca991eee08984,lambda_form,0.2
693d9d7b90de44178f4ca991eee08984,num_params_M,85.81
693d9d7b90de44178f4ca991eee08984,inference_ms,13.51
e0177d7f3ef44c968a4a4b6436a26b47,architecture,vit_small
e0177d7f3ef44c968a4a4b6436a26b47,learning_rate,0.0001
e0177d7f3ef44c968a4a4b6436a26b47,batch_size,16
e0177d7f3ef44c968a4a4b6436a26b47,num_epochs,100
e0177d7f3ef44c968a4a4b6436a26b47,num_classes,10
e0177d7f3ef44c968a4a4b6436a26b47,preprocessing,seg_soft
e0177d7f3ef44c968a4a4b6436a26b47,training_mode,species_only
e0177d7f3ef44c968a4a4b6436a26b47,seed,123
e0177d7f3ef44c968a4a4b6436a26b47,lambda_sex,0.3
e0177d7f3ef44c968a4a4b6436a26b47,lambda_form,0.2
e0177d7f3ef44c968a4a4b6436a26b47,num_params_M,85.81
e0177d7f3ef44c968a4a4b6436a26b47,inference_ms,9.2
6e928d6ebb2f43b59158f7f8084f925f,architecture,vit_small
6e928d6ebb2f43b59158f7f8084f925f,learning_rate,0.0001
6e928d6ebb2f43b59158f7f8084f925f,batch_size,16
6e928d6ebb2f43b59158f7f8084f925f,num_epochs,100
6e928d6ebb2f43b59158f7f8084f925f,num_classes,10
6e928d6ebb2f43b59158f7f8084f925f,preprocessing,seg_soft
6e928d6ebb2f43b59158f7f8084f925f,training_mode,species_only
6e928d6ebb2f43b59158f7f8084f925f,seed,456
6e928d6ebb2f43b59158f7f8084f925f,lambda_sex,0.3
6e928d6ebb2f43b59158f7f8084f925f,lambda_form,0.2
6e928d6ebb2f43b59158f7f8084f925f,num_params_M,85.81
6e928d6ebb2f43b59158f7f8084f925f,inference_ms,8.27
4f13ea33313c4fa182f652592e6e851d,architecture,vit_small
4f13ea33313c4fa182f652592e6e851d,learning_rate,0.0001
4f13ea33313c4fa182f652592e6e851d,batch_size,16
4f13ea33313c4fa182f652592e6e851d,num_epochs,100
4f13ea33313c4fa182f652592e6e851d,num_classes,10
4f13ea33313c4fa182f652592e6e851d,preprocessing,seg_soft
4f13ea33313c4fa182f652592e6e851d,training_mode,multi_task
4f13ea33313c4fa182f652592e6e851d,seed,42
4f13ea33313c4fa182f652592e6e851d,lambda_sex,0.3
4f13ea33313c4fa182f652592e6e851d,lambda_form,0.2
4f13ea33313c4fa182f652592e6e851d,num_params_M,85.81
4f13ea33313c4fa182f652592e6e851d,inference_ms,8.73
21c1e2e288664df8894139304ded8fb8,architecture,vit_small
21c1e2e288664df8894139304ded8fb8,learning_rate,0.0001
21c1e2e288664df8894139304ded8fb8,batch_size,16
21c1e2e288664df8894139304ded8fb8,num_epochs,100
21c1e2e288664df8894139304ded8fb8,num_classes,10
21c1e2e288664df8894139304ded8fb8,preprocessing,seg_soft
21c1e2e288664df8894139304ded8fb8,training_mode,multi_task
21c1e2e288664df8894139304ded8fb8,seed,123
21c1e2e288664df8894139304ded8fb8,lambda_sex,0.3
21c1e2e288664df8894139304ded8fb8,lambda_form,0.2
21c1e2e288664df8894139304ded8fb8,num_params_M,85.81
21c1e2e288664df8894139304ded8fb8,inference_ms,8.53
b34b8e991ce842fa891b516ae8eae317,architecture,vit_small
b34b8e991ce842fa891b516ae8eae317,learning_rate,0.0001
b34b8e991ce842fa891b516ae8eae317,batch_size,16
b34b8e991ce842fa891b516ae8eae317,num_epochs,100
b34b8e991ce842fa891b516ae8eae317,num_classes,10
b34b8e991ce842fa891b516ae8eae317,preprocessing,seg_soft
b34b8e991ce842fa891b516ae8eae317,training_mode,multi_task
b34b8e991ce842fa891b516ae8eae317,seed,456
b34b8e991ce842fa891b516ae8eae317,lambda_sex,0.3
b34b8e991ce842fa891b516ae8eae317,lambda_form,0.2
b34b8e991ce842fa891b516ae8eae317,num_params_M,85.81
b34b8e991ce842fa891b516ae8eae317,inference_ms,8.1
fb258c7e99484e4c9078fd82523a5193,architecture,dinov2_vits14
fb258c7e99484e4c9078fd82523a5193,learning_rate,1e-05
fb258c7e99484e4c9078fd82523a5193,batch_size,16
fb258c7e99484e4c9078fd82523a5193,num_epochs,100
fb258c7e99484e4c9078fd82523a5193,num_classes,10
fb258c7e99484e4c9078fd82523a5193,preprocessing,full
fb258c7e99484e4c9078fd82523a5193,training_mode,species_only
fb258c7e99484e4c9078fd82523a5193,seed,42
fb258c7e99484e4c9078fd82523a5193,lambda_sex,0.3
fb258c7e99484e4c9078fd82523a5193,lambda_form,0.2
fb258c7e99484e4c9078fd82523a5193,num_params_M,22.06
fb258c7e99484e4c9078fd82523a5193,inference_ms,85.21
5dafc0f5e15e4ea4920a87ddb0de1432,architecture,dinov2_vits14
5dafc0f5e15e4ea4920a87ddb0de1432,learning_rate,1e-05
5dafc0f5e15e4ea4920a87ddb0de1432,batch_size,16
5dafc0f5e15e4ea4920a87ddb0de1432,num_epochs,100
5dafc0f5e15e4ea4920a87ddb0de1432,num_classes,10
5dafc0f5e15e4ea4920a87ddb0de1432,preprocessing,full
5dafc0f5e15e4ea4920a87ddb0de1432,training_mode,species_only
5dafc0f5e15e4ea4920a87ddb0de1432,seed,123
5dafc0f5e15e4ea4920a87ddb0de1432,lambda_sex,0.3
5dafc0f5e15e4ea4920a87ddb0de1432,lambda_form,0.2
5dafc0f5e15e4ea4920a87ddb0de1432,num_params_M,22.06
5dafc0f5e15e4ea4920a87ddb0de1432,inference_ms,16.75
7cad8b80b3c84359bc28e1b8a45b96fc,architecture,dinov2_vits14
7cad8b80b3c84359bc28e1b8a45b96fc,learning_rate,1e-05
7cad8b80b3c84359bc28e1b8a45b96fc,batch_size,16
7cad8b80b3c84359bc28e1b8a45b96fc,num_epochs,100
7cad8b80b3c84359bc28e1b8a45b96fc,num_classes,10
7cad8b80b3c84359bc28e1b8a45b96fc,preprocessing,full
7cad8b80b3c84359bc28e1b8a45b96fc,training_mode,species_only
7cad8b80b3c84359bc28e1b8a45b96fc,seed,456
7cad8b80b3c84359bc28e1b8a45b96fc,lambda_sex,0.3
7cad8b80b3c84359bc28e1b8a45b96fc,lambda_form,0.2
7cad8b80b3c84359bc28e1b8a45b96fc,num_params_M,22.06
7cad8b80b3c84359bc28e1b8a45b96fc,inference_ms,16.7
a828ea9ea09b4408bdba5def1d1f934b,architecture,dinov2_vits14
a828ea9ea09b4408bdba5def1d1f934b,learning_rate,1e-05
a828ea9ea09b4408bdba5def1d1f934b,batch_size,16
a828ea9ea09b4408bdba5def1d1f934b,num_epochs,100
a828ea9ea09b4408bdba5def1d1f934b,num_classes,10
a828ea9ea09b4408bdba5def1d1f934b,preprocessing,full
a828ea9ea09b4408bdba5def1d1f934b,training_mode,multi_task
a828ea9ea09b4408bdba5def1d1f934b,seed,42
a828ea9ea09b4408bdba5def1d1f934b,lambda_sex,0.3
a828ea9ea09b4408bdba5def1d1f934b,lambda_form,0.2
a828ea9ea09b4408bdba5def1d1f934b,num_params_M,22.06
a828ea9ea09b4408bdba5def1d1f934b,inference_ms,16.91
960ce4d919624534b46380a362d38e37,architecture,dinov2_vits14
960ce4d919624534b46380a362d38e37,learning_rate,1e-05
960ce4d919624534b46380a362d38e37,batch_size,16
960ce4d919624534b46380a362d38e37,num_epochs,100
960ce4d919624534b46380a362d38e37,num_classes,10
960ce4d919624534b46380a362d38e37,preprocessing,full
960ce4d919624534b46380a362d38e37,training_mode,multi_task
960ce4d919624534b46380a362d38e37,seed,123
960ce4d919624534b46380a362d38e37,lambda_sex,0.3
960ce4d919624534b46380a362d38e37,lambda_form,0.2
960ce4d919624534b46380a362d38e37,num_params_M,22.06
960ce4d919624534b46380a362d38e37,inference_ms,17.32
16ddb3f9cf72481fab841ecfa3d44055,architecture,dinov2_vits14
16ddb3f9cf72481fab841ecfa3d44055,learning_rate,1e-05
16ddb3f9cf72481fab841ecfa3d44055,batch_size,16
16ddb3f9cf72481fab841ecfa3d44055,num_epochs,100
16ddb3f9cf72481fab841ecfa3d44055,num_classes,10
16ddb3f9cf72481fab841ecfa3d44055,preprocessing,full
16ddb3f9cf72481fab841ecfa3d44055,training_mode,multi_task
16ddb3f9cf72481fab841ecfa3d44055,seed,456
16ddb3f9cf72481fab841ecfa3d44055,lambda_sex,0.3
16ddb3f9cf72481fab841ecfa3d44055,lambda_form,0.2
16ddb3f9cf72481fab841ecfa3d44055,num_params_M,22.06
16ddb3f9cf72481fab841ecfa3d44055,inference_ms,17.02
93a8815d3dc74b548f37cebef4a1a129,architecture,dinov2_vits14
93a8815d3dc74b548f37cebef4a1a129,learning_rate,1e-05
93a8815d3dc74b548f37cebef4a1a129,batch_size,16
93a8815d3dc74b548f37cebef4a1a129,num_epochs,100
93a8815d3dc74b548f37cebef4a1a129,num_classes,10
93a8815d3dc74b548f37cebef4a1a129,preprocessing,bbox
93a8815d3dc74b548f37cebef4a1a129,training_mode,species_only
93a8815d3dc74b548f37cebef4a1a129,seed,42
93a8815d3dc74b548f37cebef4a1a129,lambda_sex,0.3
93a8815d3dc74b548f37cebef4a1a129,lambda_form,0.2
93a8815d3dc74b548f37cebef4a1a129,num_params_M,22.06
93a8815d3dc74b548f37cebef4a1a129,inference_ms,16.85
f4026cebab3a4eecaf7a1a124c909242,architecture,dinov2_vits14
f4026cebab3a4eecaf7a1a124c909242,learning_rate,1e-05
f4026cebab3a4eecaf7a1a124c909242,batch_size,16
f4026cebab3a4eecaf7a1a124c909242,num_epochs,100
f4026cebab3a4eecaf7a1a124c909242,num_classes,10
f4026cebab3a4eecaf7a1a124c909242,preprocessing,bbox
f4026cebab3a4eecaf7a1a124c909242,training_mode,species_only
f4026cebab3a4eecaf7a1a124c909242,seed,123
f4026cebab3a4eecaf7a1a124c909242,lambda_sex,0.3
f4026cebab3a4eecaf7a1a124c909242,lambda_form,0.2
f4026cebab3a4eecaf7a1a124c909242,num_params_M,22.06
f4026cebab3a4eecaf7a1a124c909242,inference_ms,17.06
16753ff1574049c48276c5d8a4a50371,architecture,dinov2_vits14
16753ff1574049c48276c5d8a4a50371,learning_rate,1e-05
16753ff1574049c48276c5d8a4a50371,batch_size,16
16753ff1574049c48276c5d8a4a50371,num_epochs,100
16753ff1574049c48276c5d8a4a50371,num_classes,10
16753ff1574049c48276c5d8a4a50371,preprocessing,bbox
16753ff1574049c48276c5d8a4a50371,training_mode,species_only
16753ff1574049c48276c5d8a4a50371,seed,456
16753ff1574049c48276c5d8a4a50371,lambda_sex,0.3
16753ff1574049c48276c5d8a4a50371,lambda_form,0.2
16753ff1574049c48276c5d8a4a50371,num_params_M,22.06
16753ff1574049c48276c5d8a4a50371,inference_ms,17.01
c7ab86dd22a244a9b6dd52906a00e908,architecture,dinov2_vits14
c7ab86dd22a244a9b6dd52906a00e908,learning_rate,1e-05
c7ab86dd22a244a9b6dd52906a00e908,batch_size,16
c7ab86dd22a244a9b6dd52906a00e908,num_epochs,100
c7ab86dd22a244a9b6dd52906a00e908,num_classes,10
c7ab86dd22a244a9b6dd52906a00e908,preprocessing,bbox
c7ab86dd22a244a9b6dd52906a00e908,training_mode,multi_task
c7ab86dd22a244a9b6dd52906a00e908,seed,42
c7ab86dd22a244a9b6dd52906a00e908,lambda_sex,0.3
c7ab86dd22a244a9b6dd52906a00e908,lambda_form,0.2
c7ab86dd22a244a9b6dd52906a00e908,num_params_M,22.06
c7ab86dd22a244a9b6dd52906a00e908,inference_ms,17.02
f76ffd109d264f23a755e7cd7c9141d0,architecture,dinov2_vits14
f76ffd109d264f23a755e7cd7c9141d0,learning_rate,1e-05
f76ffd109d264f23a755e7cd7c9141d0,batch_size,16
f76ffd109d264f23a755e7cd7c9141d0,num_epochs,100
f76ffd109d264f23a755e7cd7c9141d0,num_classes,10
f76ffd109d264f23a755e7cd7c9141d0,preprocessing,bbox
f76ffd109d264f23a755e7cd7c9141d0,training_mode,multi_task
f76ffd109d264f23a755e7cd7c9141d0,seed,123
f76ffd109d264f23a755e7cd7c9141d0,lambda_sex,0.3
f76ffd109d264f23a755e7cd7c9141d0,lambda_form,0.2
f76ffd109d264f23a755e7cd7c9141d0,num_params_M,22.06
f76ffd109d264f23a755e7cd7c9141d0,inference_ms,16.72
f5be26a26aa44c22b3180d0928117026,architecture,dinov2_vits14
f5be26a26aa44c22b3180d0928117026,learning_rate,1e-05
f5be26a26aa44c22b3180d0928117026,batch_size,16
f5be26a26aa44c22b3180d0928117026,num_epochs,100
f5be26a26aa44c22b3180d0928117026,num_classes,10
f5be26a26aa44c22b3180d0928117026,preprocessing,bbox
f5be26a26aa44c22b3180d0928117026,training_mode,multi_task
f5be26a26aa44c22b3180d0928117026,seed,456
f5be26a26aa44c22b3180d0928117026,lambda_sex,0.3
f5be26a26aa44c22b3180d0928117026,lambda_form,0.2
f5be26a26aa44c22b3180d0928117026,num_params_M,22.06
f5be26a26aa44c22b3180d0928117026,inference_ms,17.31
249f3cdda9214ac892646813e65d72df,architecture,dinov2_vits14
249f3cdda9214ac892646813e65d72df,learning_rate,1e-05
249f3cdda9214ac892646813e65d72df,batch_size,16
249f3cdda9214ac892646813e65d72df,num_epochs,100
249f3cdda9214ac892646813e65d72df,num_classes,10
249f3cdda9214ac892646813e65d72df,preprocessing,seg_hard
249f3cdda9214ac892646813e65d72df,training_mode,species_only
249f3cdda9214ac892646813e65d72df,seed,42
249f3cdda9214ac892646813e65d72df,lambda_sex,0.3
249f3cdda9214ac892646813e65d72df,lambda_form,0.2
249f3cdda9214ac892646813e65d72df,num_params_M,22.06
249f3cdda9214ac892646813e65d72df,inference_ms,71.64
44f26c0b11604764bcd19339644a5b2e,architecture,dinov2_vits14
44f26c0b11604764bcd19339644a5b2e,learning_rate,1e-05
44f26c0b11604764bcd19339644a5b2e,batch_size,16
44f26c0b11604764bcd19339644a5b2e,num_epochs,100
44f26c0b11604764bcd19339644a5b2e,num_classes,10
44f26c0b11604764bcd19339644a5b2e,preprocessing,seg_hard
44f26c0b11604764bcd19339644a5b2e,training_mode,species_only
44f26c0b11604764bcd19339644a5b2e,seed,123
44f26c0b11604764bcd19339644a5b2e,lambda_sex,0.3
44f26c0b11604764bcd19339644a5b2e,lambda_form,0.2
44f26c0b11604764bcd19339644a5b2e,num_params_M,22.06
44f26c0b11604764bcd19339644a5b2e,inference_ms,17.01
933f6c53d4844d8ca64b9f3b1e8284ec,architecture,dinov2_vits14
933f6c53d4844d8ca64b9f3b1e8284ec,learning_rate,1e-05
933f6c53d4844d8ca64b9f3b1e8284ec,batch_size,16
933f6c53d4844d8ca64b9f3b1e8284ec,num_epochs,100
933f6c53d4844d8ca64b9f3b1e8284ec,num_classes,10
933f6c53d4844d8ca64b9f3b1e8284ec,preprocessing,seg_hard
933f6c53d4844d8ca64b9f3b1e8284ec,training_mode,species_only
933f6c53d4844d8ca64b9f3b1e8284ec,seed,456
933f6c53d4844d8ca64b9f3b1e8284ec,lambda_sex,0.3
933f6c53d4844d8ca64b9f3b1e8284ec,lambda_form,0.2
933f6c53d4844d8ca64b9f3b1e8284ec,num_params_M,22.06
933f6c53d4844d8ca64b9f3b1e8284ec,inference_ms,16.92
a5c2aa0a25074806bddba72d9c990194,architecture,dinov2_vits14
a5c2aa0a25074806bddba72d9c990194,learning_rate,1e-05
a5c2aa0a25074806bddba72d9c990194,batch_size,16
a5c2aa0a25074806bddba72d9c990194,num_epochs,100
a5c2aa0a25074806bddba72d9c990194,num_classes,10
a5c2aa0a25074806bddba72d9c990194,preprocessing,seg_hard
a5c2aa0a25074806bddba72d9c990194,training_mode,multi_task
a5c2aa0a25074806bddba72d9c990194,seed,42
a5c2aa0a25074806bddba72d9c990194,lambda_sex,0.3
a5c2aa0a25074806bddba72d9c990194,lambda_form,0.2
a5c2aa0a25074806bddba72d9c990194,num_params_M,22.06
a5c2aa0a25074806bddba72d9c990194,inference_ms,16.76
569d83aa5e6c472abe81ccad308e6639,architecture,dinov2_vits14
569d83aa5e6c472abe81ccad308e6639,learning_rate,1e-05
569d83aa5e6c472abe81ccad308e6639,batch_size,16
569d83aa5e6c472abe81ccad308e6639,num_epochs,100
569d83aa5e6c472abe81ccad308e6639,num_classes,10
569d83aa5e6c472abe81ccad308e6639,preprocessing,seg_hard
569d83aa5e6c472abe81ccad308e6639,training_mode,multi_task
569d83aa5e6c472abe81ccad308e6639,seed,123
569d83aa5e6c472abe81ccad308e6639,lambda_sex,0.3
569d83aa5e6c472abe81ccad308e6639,lambda_form,0.2
569d83aa5e6c472abe81ccad308e6639,num_params_M,22.06
569d83aa5e6c472abe81ccad308e6639,inference_ms,17.14
eb4ab7b6d31046509051b62ac77d903c,architecture,dinov2_vits14
eb4ab7b6d31046509051b62ac77d903c,learning_rate,1e-05
eb4ab7b6d31046509051b62ac77d903c,batch_size,16
eb4ab7b6d31046509051b62ac77d903c,num_epochs,100
eb4ab7b6d31046509051b62ac77d903c,num_classes,10
eb4ab7b6d31046509051b62ac77d903c,preprocessing,seg_hard
eb4ab7b6d31046509051b62ac77d903c,training_mode,multi_task
eb4ab7b6d31046509051b62ac77d903c,seed,456
eb4ab7b6d31046509051b62ac77d903c,lambda_sex,0.3
eb4ab7b6d31046509051b62ac77d903c,lambda_form,0.2
eb4ab7b6d31046509051b62ac77d903c,num_params_M,22.06
eb4ab7b6d31046509051b62ac77d903c,inference_ms,16.4
43576f38668c4d75bccb8b7fd343ce7d,architecture,dinov2_vits14
43576f38668c4d75bccb8b7fd343ce7d,learning_rate,1e-05
43576f38668c4d75bccb8b7fd343ce7d,batch_size,16
43576f38668c4d75bccb8b7fd343ce7d,num_epochs,100
43576f38668c4d75bccb8b7fd343ce7d,num_classes,10
43576f38668c4d75bccb8b7fd343ce7d,preprocessing,seg_soft
43576f38668c4d75bccb8b7fd343ce7d,training_mode,species_only
43576f38668c4d75bccb8b7fd343ce7d,seed,42
43576f38668c4d75bccb8b7fd343ce7d,lambda_sex,0.3
43576f38668c4d75bccb8b7fd343ce7d,lambda_form,0.2
43576f38668c4d75bccb8b7fd343ce7d,num_params_M,22.06
43576f38668c4d75bccb8b7fd343ce7d,inference_ms,16.8
95e7b92eedee4102a8e5bd378522d089,architecture,dinov2_vits14
95e7b92eedee4102a8e5bd378522d089,learning_rate,1e-05
95e7b92eedee4102a8e5bd378522d089,batch_size,16
95e7b92eedee4102a8e5bd378522d089,num_epochs,100
95e7b92eedee4102a8e5bd378522d089,num_classes,10
95e7b92eedee4102a8e5bd378522d089,preprocessing,seg_soft
95e7b92eedee4102a8e5bd378522d089,training_mode,species_only
95e7b92eedee4102a8e5bd378522d089,seed,123
95e7b92eedee4102a8e5bd378522d089,lambda_sex,0.3
95e7b92eedee4102a8e5bd378522d089,lambda_form,0.2
95e7b92eedee4102a8e5bd378522d089,num_params_M,22.06
95e7b92eedee4102a8e5bd378522d089,inference_ms,16.88
74f7d122fba14734a10af0bb98608b62,architecture,dinov2_vits14
74f7d122fba14734a10af0bb98608b62,learning_rate,1e-05
74f7d122fba14734a10af0bb98608b62,batch_size,16
74f7d122fba14734a10af0bb98608b62,num_epochs,100
74f7d122fba14734a10af0bb98608b62,num_classes,10
74f7d122fba14734a10af0bb98608b62,preprocessing,seg_soft
74f7d122fba14734a10af0bb98608b62,training_mode,species_only
74f7d122fba14734a10af0bb98608b62,seed,456
74f7d122fba14734a10af0bb98608b62,lambda_sex,0.3
74f7d122fba14734a10af0bb98608b62,lambda_form,0.2
74f7d122fba14734a10af0bb98608b62,num_params_M,22.06
74f7d122fba14734a10af0bb98608b62,inference_ms,20.87
e29351ac7de94df2869d9ec462654c6b,architecture,dinov2_vits14
e29351ac7de94df2869d9ec462654c6b,learning_rate,1e-05
e29351ac7de94df2869d9ec462654c6b,batch_size,16
e29351ac7de94df2869d9ec462654c6b,num_epochs,100
e29351ac7de94df2869d9ec462654c6b,num_classes,10
e29351ac7de94df2869d9ec462654c6b,preprocessing,seg_soft
e29351ac7de94df2869d9ec462654c6b,training_mode,multi_task
e29351ac7de94df2869d9ec462654c6b,seed,42
e29351ac7de94df2869d9ec462654c6b,lambda_sex,0.3
e29351ac7de94df2869d9ec462654c6b,lambda_form,0.2
e29351ac7de94df2869d9ec462654c6b,num_params_M,22.06
e29351ac7de94df2869d9ec462654c6b,inference_ms,17.91
fb73a20c488c4d0988fbfa1b16644d6c,architecture,dinov2_vits14
fb73a20c488c4d0988fbfa1b16644d6c,learning_rate,1e-05
fb73a20c488c4d0988fbfa1b16644d6c,batch_size,16
fb73a20c488c4d0988fbfa1b16644d6c,num_epochs,100
fb73a20c488c4d0988fbfa1b16644d6c,num_classes,10
fb73a20c488c4d0988fbfa1b16644d6c,preprocessing,seg_soft
fb73a20c488c4d0988fbfa1b16644d6c,training_mode,multi_task
fb73a20c488c4d0988fbfa1b16644d6c,seed,123
fb73a20c488c4d0988fbfa1b16644d6c,lambda_sex,0.3
fb73a20c488c4d0988fbfa1b16644d6c,lambda_form,0.2
fb73a20c488c4d0988fbfa1b16644d6c,num_params_M,22.06
fb73a20c488c4d0988fbfa1b16644d6c,inference_ms,18.33
40e9856b86174c08a1dcafef793c6934,architecture,dinov2_vits14
40e9856b86174c08a1dcafef793c6934,learning_rate,1e-05
40e9856b86174c08a1dcafef793c6934,batch_size,16
40e9856b86174c08a1dcafef793c6934,num_epochs,100
40e9856b86174c08a1dcafef793c6934,num_classes,10
40e9856b86174c08a1dcafef793c6934,preprocessing,seg_soft
40e9856b86174c08a1dcafef793c6934,training_mode,multi_task
40e9856b86174c08a1dcafef793c6934,seed,456
40e9856b86174c08a1dcafef793c6934,lambda_sex,0.3
40e9856b86174c08a1dcafef793c6934,lambda_form,0.2
40e9856b86174c08a1dcafef793c6934,num_params_M,22.06
40e9856b86174c08a1dcafef793c6934,inference_ms,17.82
5282549edd534036bd01deecce5c30b6,architecture,efficientnet_b3
5282549edd534036bd01deecce5c30b6,learning_rate,0.0001
5282549edd534036bd01deecce5c30b6,batch_size,16
5282549edd534036bd01deecce5c30b6,num_epochs,100
5282549edd534036bd01deecce5c30b6,num_classes,10
5282549edd534036bd01deecce5c30b6,preprocessing,full
5282549edd534036bd01deecce5c30b6,training_mode,sex_only
5282549edd534036bd01deecce5c30b6,seed,42
5282549edd534036bd01deecce5c30b6,lambda_sex,0.3
5282549edd534036bd01deecce5c30b6,lambda_form,0.2
5282549edd534036bd01deecce5c30b6,num_params_M,10.71
5282549edd534036bd01deecce5c30b6,inference_ms,17.53
f92e6fa592b24eab92383f7cc8bbf816,architecture,efficientnet_b3
f92e6fa592b24eab92383f7cc8bbf816,learning_rate,0.0001
f92e6fa592b24eab92383f7cc8bbf816,batch_size,16
f92e6fa592b24eab92383f7cc8bbf816,num_epochs,100
f92e6fa592b24eab92383f7cc8bbf816,num_classes,10
f92e6fa592b24eab92383f7cc8bbf816,preprocessing,full
f92e6fa592b24eab92383f7cc8bbf816,training_mode,sex_only
f92e6fa592b24eab92383f7cc8bbf816,seed,123
f92e6fa592b24eab92383f7cc8bbf816,lambda_sex,0.3
f92e6fa592b24eab92383f7cc8bbf816,lambda_form,0.2
f92e6fa592b24eab92383f7cc8bbf816,num_params_M,10.71
f92e6fa592b24eab92383f7cc8bbf816,inference_ms,23.94
4585d82af2db4b6aafc235d261fbd032,architecture,efficientnet_b3
4585d82af2db4b6aafc235d261fbd032,learning_rate,0.0001
4585d82af2db4b6aafc235d261fbd032,batch_size,16
4585d82af2db4b6aafc235d261fbd032,num_epochs,100
4585d82af2db4b6aafc235d261fbd032,num_classes,10
4585d82af2db4b6aafc235d261fbd032,preprocessing,full
4585d82af2db4b6aafc235d261fbd032,training_mode,sex_only
4585d82af2db4b6aafc235d261fbd032,seed,456
4585d82af2db4b6aafc235d261fbd032,lambda_sex,0.3
4585d82af2db4b6aafc235d261fbd032,lambda_form,0.2
4585d82af2db4b6aafc235d261fbd032,num_params_M,10.71
4585d82af2db4b6aafc235d261fbd032,inference_ms,24.54
8f9d34fda69d40418b29601ba4c12bcb,architecture,efficientnet_b3
8f9d34fda69d40418b29601ba4c12bcb,learning_rate,0.0001
8f9d34fda69d40418b29601ba4c12bcb,batch_size,16
8f9d34fda69d40418b29601ba4c12bcb,num_epochs,100
8f9d34fda69d40418b29601ba4c12bcb,num_classes,10
8f9d34fda69d40418b29601ba4c12bcb,preprocessing,full
8f9d34fda69d40418b29601ba4c12bcb,training_mode,form_only
8f9d34fda69d40418b29601ba4c12bcb,seed,42
8f9d34fda69d40418b29601ba4c12bcb,lambda_sex,0.3
8f9d34fda69d40418b29601ba4c12bcb,lambda_form,0.2
8f9d34fda69d40418b29601ba4c12bcb,num_params_M,10.72
8f9d34fda69d40418b29601ba4c12bcb,inference_ms,23.14
e374a14e250c406eb62aeb57fb70cc81,architecture,efficientnet_b3
e374a14e250c406eb62aeb57fb70cc81,learning_rate,0.0001
e374a14e250c406eb62aeb57fb70cc81,batch_size,16
e374a14e250c406eb62aeb57fb70cc81,num_epochs,100
e374a14e250c406eb62aeb57fb70cc81,num_classes,10
e374a14e250c406eb62aeb57fb70cc81,preprocessing,full
e374a14e250c406eb62aeb57fb70cc81,training_mode,form_only
e374a14e250c406eb62aeb57fb70cc81,seed,123
e374a14e250c406eb62aeb57fb70cc81,lambda_sex,0.3
e374a14e250c406eb62aeb57fb70cc81,lambda_form,0.2
e374a14e250c406eb62aeb57fb70cc81,num_params_M,10.72
e374a14e250c406eb62aeb57fb70cc81,inference_ms,22.05
62710618facb493ead1868dc87ac5b7a,architecture,efficientnet_b3
62710618facb493ead1868dc87ac5b7a,learning_rate,0.0001
62710618facb493ead1868dc87ac5b7a,batch_size,16
62710618facb493ead1868dc87ac5b7a,num_epochs,100
62710618facb493ead1868dc87ac5b7a,num_classes,10
62710618facb493ead1868dc87ac5b7a,preprocessing,full
62710618facb493ead1868dc87ac5b7a,training_mode,form_only
62710618facb493ead1868dc87ac5b7a,seed,456
62710618facb493ead1868dc87ac5b7a,lambda_sex,0.3
62710618facb493ead1868dc87ac5b7a,lambda_form,0.2
62710618facb493ead1868dc87ac5b7a,num_params_M,10.72
62710618facb493ead1868dc87ac5b7a,inference_ms,23.67
918c5240921141b4be13234f0e2cf438,architecture,convnext_tiny
918c5240921141b4be13234f0e2cf438,learning_rate,0.0001
918c5240921141b4be13234f0e2cf438,batch_size,16
918c5240921141b4be13234f0e2cf438,num_epochs,100
918c5240921141b4be13234f0e2cf438,num_classes,10
918c5240921141b4be13234f0e2cf438,preprocessing,full
918c5240921141b4be13234f0e2cf438,training_mode,multi_task
918c5240921141b4be13234f0e2cf438,seed,42
918c5240921141b4be13234f0e2cf438,lambda_sex,0.05
918c5240921141b4be13234f0e2cf438,lambda_form,0.2
918c5240921141b4be13234f0e2cf438,num_params_M,27.83
918c5240921141b4be13234f0e2cf438,inference_ms,9.03
5ee02b58d9074cee9eb520cbba9662ac,architecture,convnext_tiny
5ee02b58d9074cee9eb520cbba9662ac,learning_rate,0.0001
5ee02b58d9074cee9eb520cbba9662ac,batch_size,16
5ee02b58d9074cee9eb520cbba9662ac,num_epochs,100
5ee02b58d9074cee9eb520cbba9662ac,num_classes,10
5ee02b58d9074cee9eb520cbba9662ac,preprocessing,full
5ee02b58d9074cee9eb520cbba9662ac,training_mode,multi_task
5ee02b58d9074cee9eb520cbba9662ac,seed,42
5ee02b58d9074cee9eb520cbba9662ac,lambda_sex,0.1
5ee02b58d9074cee9eb520cbba9662ac,lambda_form,0.2
5ee02b58d9074cee9eb520cbba9662ac,num_params_M,27.83
5ee02b58d9074cee9eb520cbba9662ac,inference_ms,9.96
9fb19f3877874314a9292e36ecd35ee5,architecture,convnext_tiny
9fb19f3877874314a9292e36ecd35ee5,learning_rate,0.0001
9fb19f3877874314a9292e36ecd35ee5,batch_size,16
9fb19f3877874314a9292e36ecd35ee5,num_epochs,100
9fb19f3877874314a9292e36ecd35ee5,num_classes,10
9fb19f3877874314a9292e36ecd35ee5,preprocessing,full
9fb19f3877874314a9292e36ecd35ee5,training_mode,multi_task
9fb19f3877874314a9292e36ecd35ee5,seed,42
9fb19f3877874314a9292e36ecd35ee5,lambda_sex,0.2
9fb19f3877874314a9292e36ecd35ee5,lambda_form,0.2
9fb19f3877874314a9292e36ecd35ee5,num_params_M,27.83
9fb19f3877874314a9292e36ecd35ee5,inference_ms,9.55
9cf52c477fe14cbaae876bab8614089e,architecture,convnext_tiny
9cf52c477fe14cbaae876bab8614089e,learning_rate,0.0001
9cf52c477fe14cbaae876bab8614089e,batch_size,16
9cf52c477fe14cbaae876bab8614089e,num_epochs,100
9cf52c477fe14cbaae876bab8614089e,num_classes,10
9cf52c477fe14cbaae876bab8614089e,preprocessing,full
9cf52c477fe14cbaae876bab8614089e,training_mode,multi_task
9cf52c477fe14cbaae876bab8614089e,seed,42
9cf52c477fe14cbaae876bab8614089e,lambda_sex,0.3
9cf52c477fe14cbaae876bab8614089e,lambda_form,0.2
9cf52c477fe14cbaae876bab8614089e,num_params_M,27.83
9cf52c477fe14cbaae876bab8614089e,inference_ms,9.69
b224a62553a74df9b434d0088d5a8f4e,architecture,convnext_tiny
b224a62553a74df9b434d0088d5a8f4e,learning_rate,0.0001
b224a62553a74df9b434d0088d5a8f4e,batch_size,16
b224a62553a74df9b434d0088d5a8f4e,num_epochs,100
b224a62553a74df9b434d0088d5a8f4e,num_classes,10
b224a62553a74df9b434d0088d5a8f4e,preprocessing,full
b224a62553a74df9b434d0088d5a8f4e,training_mode,multi_task
b224a62553a74df9b434d0088d5a8f4e,seed,42
b224a62553a74df9b434d0088d5a8f4e,lambda_sex,0.5
b224a62553a74df9b434d0088d5a8f4e,lambda_form,0.2
b224a62553a74df9b434d0088d5a8f4e,num_params_M,27.83
b224a62553a74df9b434d0088d5a8f4e,inference_ms,8.66
daac70e4b5af44a489e61b3f2ce65b60,architecture,convnext_tiny
daac70e4b5af44a489e61b3f2ce65b60,learning_rate,0.0001
daac70e4b5af44a489e61b3f2ce65b60,batch_size,16
daac70e4b5af44a489e61b3f2ce65b60,num_epochs,100
daac70e4b5af44a489e61b3f2ce65b60,num_classes,10
daac70e4b5af44a489e61b3f2ce65b60,preprocessing,full
daac70e4b5af44a489e61b3f2ce65b60,training_mode,multi_task
daac70e4b5af44a489e61b3f2ce65b60,seed,42
daac70e4b5af44a489e61b3f2ce65b60,lambda_sex,1.0
daac70e4b5af44a489e61b3f2ce65b60,lambda_form,0.2
daac70e4b5af44a489e61b3f2ce65b60,num_params_M,27.83
daac70e4b5af44a489e61b3f2ce65b60,inference_ms,9.45
b2bb55b2ed014b7286fd575ad3ff19b8,architecture,convnext_tiny
b2bb55b2ed014b7286fd575ad3ff19b8,learning_rate,0.0001
b2bb55b2ed014b7286fd575ad3ff19b8,batch_size,16
b2bb55b2ed014b7286fd575ad3ff19b8,num_epochs,100
b2bb55b2ed014b7286fd575ad3ff19b8,num_classes,10
b2bb55b2ed014b7286fd575ad3ff19b8,preprocessing,full
b2bb55b2ed014b7286fd575ad3ff19b8,training_mode,multi_task
b2bb55b2ed014b7286fd575ad3ff19b8,seed,42
b2bb55b2ed014b7286fd575ad3ff19b8,lambda_sex,0.3
b2bb55b2ed014b7286fd575ad3ff19b8,lambda_form,0.05
b2bb55b2ed014b7286fd575ad3ff19b8,num_params_M,27.83
b2bb55b2ed014b7286fd575ad3ff19b8,inference_ms,9.31
e9b990952da74bb992bdc047d413ec33,architecture,convnext_tiny
e9b990952da74bb992bdc047d413ec33,learning_rate,0.0001
e9b990952da74bb992bdc047d413ec33,batch_size,16
e9b990952da74bb992bdc047d413ec33,num_epochs,100
e9b990952da74bb992bdc047d413ec33,num_classes,10
e9b990952da74bb992bdc047d413ec33,preprocessing,full
e9b990952da74bb992bdc047d413ec33,training_mode,multi_task
e9b990952da74bb992bdc047d413ec33,seed,42
e9b990952da74bb992bdc047d413ec33,lambda_sex,0.3
e9b990952da74bb992bdc047d413ec33,lambda_form,0.1
e9b990952da74bb992bdc047d413ec33,num_params_M,27.83
e9b990952da74bb992bdc047d413ec33,inference_ms,9.14
0173482cd634430c8007ac94e8fe60f3,architecture,convnext_tiny
0173482cd634430c8007ac94e8fe60f3,learning_rate,0.0001
0173482cd634430c8007ac94e8fe60f3,batch_size,16
0173482cd634430c8007ac94e8fe60f3,num_epochs,100
0173482cd634430c8007ac94e8fe60f3,num_classes,10
0173482cd634430c8007ac94e8fe60f3,preprocessing,full
0173482cd634430c8007ac94e8fe60f3,training_mode,multi_task
0173482cd634430c8007ac94e8fe60f3,seed,42
0173482cd634430c8007ac94e8fe60f3,lambda_sex,0.3
0173482cd634430c8007ac94e8fe60f3,lambda_form,0.3
0173482cd634430c8007ac94e8fe60f3,num_params_M,27.83
0173482cd634430c8007ac94e8fe60f3,inference_ms,10.69
4edd10fa16cb413f9d603f29c1dea05c,architecture,convnext_tiny
4edd10fa16cb413f9d603f29c1dea05c,learning_rate,0.0001
4edd10fa16cb413f9d603f29c1dea05c,batch_size,16
4edd10fa16cb413f9d603f29c1dea05c,num_epochs,100
4edd10fa16cb413f9d603f29c1dea05c,num_classes,10
4edd10fa16cb413f9d603f29c1dea05c,preprocessing,full
4edd10fa16cb413f9d603f29c1dea05c,training_mode,multi_task
4edd10fa16cb413f9d603f29c1dea05c,seed,42
4edd10fa16cb413f9d603f29c1dea05c,lambda_sex,0.3
4edd10fa16cb413f9d603f29c1dea05c,lambda_form,0.5
4edd10fa16cb413f9d603f29c1dea05c,num_params_M,27.83
4edd10fa16cb413f9d603f29c1dea05c,inference_ms,9.28
40db6a1df865423da87ecf32059be061,architecture,convnext_tiny
40db6a1df865423da87ecf32059be061,learning_rate,0.0001
40db6a1df865423da87ecf32059be061,batch_size,16
40db6a1df865423da87ecf32059be061,num_epochs,100
40db6a1df865423da87ecf32059be061,num_classes,10
40db6a1df865423da87ecf32059be061,preprocessing,full
40db6a1df865423da87ecf32059be061,training_mode,multi_task
40db6a1df865423da87ecf32059be061,seed,42
40db6a1df865423da87ecf32059be061,lambda_sex,0.3
40db6a1df865423da87ecf32059be061,lambda_form,1.0
40db6a1df865423da87ecf32059be061,num_params_M,27.83
40db6a1df865423da87ecf32059be061,inference_ms,9.45
f3c374d22c5f45abbeae52a4fecc51b0,architecture,convnext_tiny
f3c374d22c5f45abbeae52a4fecc51b0,learning_rate,0.0001
f3c374d22c5f45abbeae52a4fecc51b0,batch_size,16
f3c374d22c5f45abbeae52a4fecc51b0,num_epochs,100
f3c374d22c5f45abbeae52a4fecc51b0,num_classes,10
f3c374d22c5f45abbeae52a4fecc51b0,preprocessing,full
f3c374d22c5f45abbeae52a4fecc51b0,training_mode,sex_only
f3c374d22c5f45abbeae52a4fecc51b0,seed,42
f3c374d22c5f45abbeae52a4fecc51b0,lambda_sex,0.3
f3c374d22c5f45abbeae52a4fecc51b0,lambda_form,0.2
f3c374d22c5f45abbeae52a4fecc51b0,num_params_M,27.83
f3c374d22c5f45abbeae52a4fecc51b0,inference_ms,8.53
9665427fca894e438a85e86598d06ee9,architecture,convnext_tiny
9665427fca894e438a85e86598d06ee9,learning_rate,0.0001
9665427fca894e438a85e86598d06ee9,batch_size,16
9665427fca894e438a85e86598d06ee9,num_epochs,100
9665427fca894e438a85e86598d06ee9,num_classes,10
9665427fca894e438a85e86598d06ee9,preprocessing,full
9665427fca894e438a85e86598d06ee9,training_mode,sex_only
9665427fca894e438a85e86598d06ee9,seed,123
9665427fca894e438a85e86598d06ee9,lambda_sex,0.3
9665427fca894e438a85e86598d06ee9,lambda_form,0.2
9665427fca894e438a85e86598d06ee9,num_params_M,27.83
9665427fca894e438a85e86598d06ee9,inference_ms,8.8
e69889a56a1d4ed29254c4304d1f46d9,architecture,convnext_tiny
e69889a56a1d4ed29254c4304d1f46d9,learning_rate,0.0001
e69889a56a1d4ed29254c4304d1f46d9,batch_size,16
e69889a56a1d4ed29254c4304d1f46d9,num_epochs,100
e69889a56a1d4ed29254c4304d1f46d9,num_classes,10
e69889a56a1d4ed29254c4304d1f46d9,preprocessing,full
e69889a56a1d4ed29254c4304d1f46d9,training_mode,sex_only
e69889a56a1d4ed29254c4304d1f46d9,seed,456
e69889a56a1d4ed29254c4304d1f46d9,lambda_sex,0.3
e69889a56a1d4ed29254c4304d1f46d9,lambda_form,0.2
e69889a56a1d4ed29254c4304d1f46d9,num_params_M,27.83
e69889a56a1d4ed29254c4304d1f46d9,inference_ms,9.11
bf6c756af21c4aaa9300a2416333aa6b,architecture,swin_tiny
bf6c756af21c4aaa9300a2416333aa6b,learning_rate,0.0001
bf6c756af21c4aaa9300a2416333aa6b,batch_size,16
bf6c756af21c4aaa9300a2416333aa6b,num_epochs,100
bf6c756af21c4aaa9300a2416333aa6b,num_classes,10
bf6c756af21c4aaa9300a2416333aa6b,preprocessing,full
bf6c756af21c4aaa9300a2416333aa6b,training_mode,sex_only
bf6c756af21c4aaa9300a2416333aa6b,seed,42
bf6c756af21c4aaa9300a2416333aa6b,lambda_sex,0.3
bf6c756af21c4aaa9300a2416333aa6b,lambda_form,0.2
bf6c756af21c4aaa9300a2416333aa6b,num_params_M,27.53
bf6c756af21c4aaa9300a2416333aa6b,inference_ms,15.94
a8305780c32e4afcaa3e719584b5855f,architecture,swin_tiny
a8305780c32e4afcaa3e719584b5855f,learning_rate,0.0001
a8305780c32e4afcaa3e719584b5855f,batch_size,16
a8305780c32e4afcaa3e719584b5855f,num_epochs,100
a8305780c32e4afcaa3e719584b5855f,num_classes,10
a8305780c32e4afcaa3e719584b5855f,preprocessing,full
a8305780c32e4afcaa3e719584b5855f,training_mode,sex_only
a8305780c32e4afcaa3e719584b5855f,seed,123
a8305780c32e4afcaa3e719584b5855f,lambda_sex,0.3
a8305780c32e4afcaa3e719584b5855f,lambda_form,0.2
a8305780c32e4afcaa3e719584b5855f,num_params_M,27.53
a8305780c32e4afcaa3e719584b5855f,inference_ms,16.81
e2272939561b484aa94604b6963c47bd,architecture,swin_tiny
e2272939561b484aa94604b6963c47bd,learning_rate,0.0001
e2272939561b484aa94604b6963c47bd,batch_size,16
e2272939561b484aa94604b6963c47bd,num_epochs,100
e2272939561b484aa94604b6963c47bd,num_classes,10
e2272939561b484aa94604b6963c47bd,preprocessing,full
e2272939561b484aa94604b6963c47bd,training_mode,sex_only
e2272939561b484aa94604b6963c47bd,seed,456
e2272939561b484aa94604b6963c47bd,lambda_sex,0.3
e2272939561b484aa94604b6963c47bd,lambda_form,0.2
e2272939561b484aa94604b6963c47bd,num_params_M,27.53
e2272939561b484aa94604b6963c47bd,inference_ms,15.39
4a47b84235a641538dae54ddaab0ba8e,architecture,vit_small
4a47b84235a641538dae54ddaab0ba8e,learning_rate,0.0001
4a47b84235a641538dae54ddaab0ba8e,batch_size,16
4a47b84235a641538dae54ddaab0ba8e,num_epochs,100
4a47b84235a641538dae54ddaab0ba8e,num_classes,10
4a47b84235a641538dae54ddaab0ba8e,preprocessing,full
4a47b84235a641538dae54ddaab0ba8e,training_mode,sex_only
4a47b84235a641538dae54ddaab0ba8e,seed,42
4a47b84235a641538dae54ddaab0ba8e,lambda_sex,0.3
4a47b84235a641538dae54ddaab0ba8e,lambda_form,0.2
4a47b84235a641538dae54ddaab0ba8e,num_params_M,85.81
4a47b84235a641538dae54ddaab0ba8e,inference_ms,7.21
c5c141f937a743cca3a267d7c91aef91,architecture,vit_small
c5c141f937a743cca3a267d7c91aef91,learning_rate,0.0001
c5c141f937a743cca3a267d7c91aef91,batch_size,16
c5c141f937a743cca3a267d7c91aef91,num_epochs,100
c5c141f937a743cca3a267d7c91aef91,num_classes,10
c5c141f937a743cca3a267d7c91aef91,preprocessing,full
c5c141f937a743cca3a267d7c91aef91,training_mode,sex_only
c5c141f937a743cca3a267d7c91aef91,seed,123
c5c141f937a743cca3a267d7c91aef91,lambda_sex,0.3
c5c141f937a743cca3a267d7c91aef91,lambda_form,0.2
c5c141f937a743cca3a267d7c91aef91,num_params_M,85.81
c5c141f937a743cca3a267d7c91aef91,inference_ms,7.79
85fa698ede9a48bf8713c399b0554747,architecture,vit_small
85fa698ede9a48bf8713c399b0554747,learning_rate,0.0001
85fa698ede9a48bf8713c399b0554747,batch_size,16
85fa698ede9a48bf8713c399b0554747,num_epochs,100
85fa698ede9a48bf8713c399b0554747,num_classes,10
85fa698ede9a48bf8713c399b0554747,preprocessing,full
85fa698ede9a48bf8713c399b0554747,training_mode,sex_only
85fa698ede9a48bf8713c399b0554747,seed,456
85fa698ede9a48bf8713c399b0554747,lambda_sex,0.3
85fa698ede9a48bf8713c399b0554747,lambda_form,0.2
85fa698ede9a48bf8713c399b0554747,num_params_M,85.81
85fa698ede9a48bf8713c399b0554747,inference_ms,7.69
37ac5c3194864a64a38bc49f59479df8,architecture,dinov2_vits14
37ac5c3194864a64a38bc49f59479df8,learning_rate,0.0001
37ac5c3194864a64a38bc49f59479df8,batch_size,16
37ac5c3194864a64a38bc49f59479df8,num_epochs,100
37ac5c3194864a64a38bc49f59479df8,num_classes,10
37ac5c3194864a64a38bc49f59479df8,preprocessing,full
37ac5c3194864a64a38bc49f59479df8,training_mode,sex_only
37ac5c3194864a64a38bc49f59479df8,seed,42
37ac5c3194864a64a38bc49f59479df8,lambda_sex,0.3
37ac5c3194864a64a38bc49f59479df8,lambda_form,0.2
37ac5c3194864a64a38bc49f59479df8,num_params_M,22.06
37ac5c3194864a64a38bc49f59479df8,inference_ms,16.49
02e809124ec246c8bc6dfe77aca37956,architecture,dinov2_vits14
02e809124ec246c8bc6dfe77aca37956,learning_rate,0.0001
02e809124ec246c8bc6dfe77aca37956,batch_size,16
02e809124ec246c8bc6dfe77aca37956,num_epochs,100
02e809124ec246c8bc6dfe77aca37956,num_classes,10
02e809124ec246c8bc6dfe77aca37956,preprocessing,full
02e809124ec246c8bc6dfe77aca37956,training_mode,sex_only
02e809124ec246c8bc6dfe77aca37956,seed,123
02e809124ec246c8bc6dfe77aca37956,lambda_sex,0.3
02e809124ec246c8bc6dfe77aca37956,lambda_form,0.2
02e809124ec246c8bc6dfe77aca37956,num_params_M,22.06
02e809124ec246c8bc6dfe77aca37956,inference_ms,16.88
6afc1addb5004b639802392820130f9b,architecture,dinov2_vits14
6afc1addb5004b639802392820130f9b,learning_rate,0.0001
6afc1addb5004b639802392820130f9b,batch_size,16
6afc1addb5004b639802392820130f9b,num_epochs,100
6afc1addb5004b639802392820130f9b,num_classes,10
6afc1addb5004b639802392820130f9b,preprocessing,full
6afc1addb5004b639802392820130f9b,training_mode,sex_only
6afc1addb5004b639802392820130f9b,seed,456
6afc1addb5004b639802392820130f9b,lambda_sex,0.3
6afc1addb5004b639802392820130f9b,lambda_form,0.2
6afc1addb5004b639802392820130f9b,num_params_M,22.06
6afc1addb5004b639802392820130f9b,inference_ms,17.03
